cell_id,cycle,capacity,soh,voltage_mean,voltage_max,voltage_min,voltage_std,current_mean,current_max,current_min,current_std,temp_mean,temp_max,temp_min,temp_std,discharge_time,ambient_temperature
CS2_36,1,1.0871,1.002,3.6552,4.2,2.7553,0.3801,-0.5546,0.0,-0.56,0.25,22.1598,28.5555,20.9592,2.0548,7113.72,22.0
CS2_36,2,1.0782,0.9938,3.655,4.2,2.7499,0.3802,-0.5524,0.0,-0.56,0.25,21.8746,28.4278,21.0834,2.0144,7059.66,22.0
CS2_36,3,1.0808,0.9961,3.6491,4.2,2.7572,0.3803,-0.547,0.0,-0.56,0.25,21.9209,28.4235,21.0707,2.1081,7036.74,22.0
CS2_36,4,1.0816,0.9968,3.6528,4.2,2.7501,0.3804,-0.5515,0.0,-0.56,0.25,22.0531,28.673,21.2743,2.0711,7076.33,22.0
CS2_36,5,1.0761,0.9918,3.6567,4.2,2.752,0.3805,-0.5535,0.0,-0.56,0.25,22.1599,28.2936,21.0642,2.0714,7066.69,22.0
CS2_36,6,1.0803,0.9957,3.6537,4.2,2.7494,0.3806,-0.5553,0.0,-0.56,0.25,22.1643,28.7372,20.9365,2.036,7079.3,22.0
CS2_36,7,1.0779,0.9934,3.6486,4.2,2.7451,0.3807,-0.5445,0.0,-0.56,0.25,21.8768,28.7632,20.9818,2.0968,7052.54,22.0
CS2_36,8,1.0727,0.9887,3.6373,4.2,2.7435,0.3808,-0.5527,0.0,-0.56,0.25,22.0297,28.475,20.9713,2.1305,7037.08,22.0
CS2_36,9,1.0764,0.9921,3.6397,4.2,2.7462,0.3809,-0.5449,0.0,-0.56,0.25,21.8246,28.35,21.0027,2.1212,7038.99,22.0
CS2_36,10,1.0749,0.9907,3.6474,4.2,2.7455,0.381,-0.555,0.0,-0.56,0.25,22.1788,28.6765,21.045,2.0365,7031.2,22.0
CS2_36,11,1.075,0.9908,3.6411,4.2,2.7524,0.3811,-0.5403,0.0,-0.56,0.25,21.9578,28.5298,20.9989,2.0755,7038.58,22.0
CS2_36,12,1.0728,0.9887,3.6469,4.2,2.7497,0.3812,-0.5436,0.0,-0.56,0.25,22.1557,28.5422,21.0047,2.1395,7036.52,22.0
CS2_36,13,1.0674,0.9838,3.643,4.2,2.7464,0.3813,-0.5494,0.0,-0.56,0.25,21.9945,28.4349,20.8577,2.1265,6999.28,22.0
CS2_36,14,1.0714,0.9874,3.6454,4.2,2.747,0.3814,-0.5528,0.0,-0.56,0.25,22.1598,28.6286,20.9325,2.1417,7033.46,22.0
CS2_36,15,1.0719,0.9879,3.6475,4.2,2.7527,0.3815,-0.5464,0.0,-0.56,0.25,22.0256,28.7675,21.1577,2.0868,7011.73,22.0
CS2_36,16,1.0671,0.9835,3.6462,4.2,2.749,0.3816,-0.5492,0.0,-0.56,0.25,22.218,28.5938,20.738,2.1301,6981.68,22.0
CS2_36,17,1.0664,0.9828,3.6448,4.2,2.7573,0.3817,-0.5444,0.0,-0.56,0.25,22.2814,28.9521,21.0605,2.0937,6994.05,22.0
CS2_36,18,1.0703,0.9864,3.6322,4.2,2.756,0.3818,-0.5565,0.0,-0.56,0.25,22.2271,28.7437,21.0131,2.1427,6985.75,22.0
CS2_36,19,1.0648,0.9813,3.6476,4.2,2.7529,0.3819,-0.5488,0.0,-0.56,0.25,22.0009,28.5413,21.0147,2.1413,6948.93,22.0
CS2_36,20,1.0665,0.9829,3.6432,4.2,2.7418,0.382,-0.5583,0.0,-0.56,0.25,22.0811,28.5675,21.0749,2.1363,6990.34,22.0
CS2_36,21,1.0668,0.9832,3.6559,4.2,2.7563,0.3821,-0.5462,0.0,-0.56,0.25,22.318,28.6045,21.014,2.1614,6972.28,22.0
CS2_36,22,1.0684,0.9847,3.6439,4.2,2.7537,0.3822,-0.5541,0.0,-0.56,0.25,21.886,28.4028,20.9213,2.1433,6988.58,22.0
CS2_36,23,1.0649,0.9815,3.6371,4.2,2.7473,0.3823,-0.5556,0.0,-0.56,0.25,22.1081,28.5086,21.1048,2.0665,6970.94,22.0
CS2_36,24,1.0618,0.9786,3.6525,4.2,2.7491,0.3824,-0.5549,0.0,-0.56,0.25,22.0599,28.7321,21.0466,2.0112,6951.26,22.0
CS2_36,25,1.0624,0.9792,3.648,4.2,2.7504,0.3825,-0.5512,0.0,-0.56,0.25,22.0393,28.543,20.8916,2.0498,6934.56,22.0
CS2_36,26,1.065,0.9815,3.6446,4.2,2.7459,0.3826,-0.5428,0.0,-0.56,0.25,21.8135,28.6329,20.996,2.0836,6971.75,22.0
CS2_36,27,1.0641,0.9808,3.635,4.2,2.7552,0.3827,-0.5559,0.0,-0.56,0.25,22.21,28.5985,21.0186,2.1137,6942.78,22.0
CS2_36,28,1.0667,0.9832,3.6332,4.2,2.751,0.3828,-0.5464,0.0,-0.56,0.25,21.9665,28.5877,20.9631,2.0357,6978.92,22.0
CS2_36,29,1.0598,0.9768,3.6337,4.2,2.7528,0.3829,-0.5465,0.0,-0.56,0.25,22.0982,28.8485,20.9619,2.0654,6902.93,22.0
CS2_36,30,1.0582,0.9753,3.6383,4.2,2.751,0.383,-0.5509,0.0,-0.56,0.25,22.2711,28.5987,20.9073,2.0858,6912.36,22.0
CS2_36,31,1.0576,0.9748,3.6394,4.2,2.7471,0.3831,-0.5545,0.0,-0.56,0.25,22.0029,28.7505,20.9961,2.1306,6897.21,22.0
CS2_36,32,1.0646,0.9812,3.6359,4.2,2.7536,0.3832,-0.5518,0.0,-0.56,0.25,22.1819,28.4614,21.006,2.2159,6962.78,22.0
CS2_36,33,1.056,0.9733,3.6427,4.2,2.7511,0.3833,-0.5498,0.0,-0.56,0.25,22.1659,28.9033,20.9726,2.1842,6918.09,22.0
CS2_36,34,1.056,0.9732,3.6365,4.2,2.7568,0.3834,-0.5488,0.0,-0.56,0.25,22.1755,28.842,21.0263,2.1118,6917.53,22.0
CS2_36,35,1.054,0.9714,3.6341,4.2,2.7536,0.3835,-0.5636,0.0,-0.56,0.25,22.1161,28.7612,21.0771,2.1297,6907.17,22.0
CS2_36,36,1.0536,0.971,3.6421,4.2,2.7614,0.3836,-0.5514,0.0,-0.56,0.25,22.2101,28.6873,20.974,2.0394,6889.62,22.0
CS2_36,37,1.0523,0.9698,3.6378,4.2,2.7467,0.3837,-0.5526,0.0,-0.56,0.25,22.1332,28.6053,20.931,2.0576,6895.29,22.0
CS2_36,38,1.0511,0.9688,3.6307,4.2,2.7397,0.3838,-0.5503,0.0,-0.56,0.25,22.0294,28.6042,20.9796,2.0936,6864.06,22.0
CS2_36,39,1.0506,0.9683,3.6415,4.2,2.7471,0.3839,-0.558,0.0,-0.56,0.25,22.038,28.875,21.0696,2.154,6869.91,22.0
CS2_36,40,1.051,0.9686,3.6297,4.2,2.7584,0.384,-0.5527,0.0,-0.56,0.25,22.334,28.6586,21.0096,2.1571,6891.27,22.0
CS2_36,41,1.0482,0.9661,3.6301,4.2,2.7502,0.3841,-0.5493,0.0,-0.56,0.25,22.2049,28.7264,21.1586,2.068,6879.9,22.0
CS2_36,42,1.0477,0.9656,3.6306,4.2,2.7545,0.3842,-0.5431,0.0,-0.56,0.25,22.1185,28.6931,20.9356,2.1555,6868.5,22.0
CS2_36,43,1.0476,0.9656,3.6227,4.2,2.754,0.3843,-0.5528,0.0,-0.56,0.25,22.1377,28.63,21.053,2.0328,6825.59,22.0
CS2_36,44,1.0499,0.9676,3.6316,4.2,2.74,0.3844,-0.5547,0.0,-0.56,0.25,22.1447,28.7485,21.0267,2.1538,6877.24,22.0
CS2_36,45,1.0447,0.9628,3.6332,4.2,2.7413,0.3845,-0.5509,0.0,-0.56,0.25,22.1664,28.8023,20.9503,2.1404,6834.87,22.0
CS2_36,46,1.0438,0.962,3.6252,4.2,2.7512,0.3846,-0.5483,0.0,-0.56,0.25,22.1345,28.7881,21.0514,2.1191,6818.07,22.0
CS2_36,47,1.0458,0.9639,3.6359,4.2,2.7468,0.3847,-0.5447,0.0,-0.56,0.25,22.1854,28.7161,20.9868,2.1648,6846.94,22.0
CS2_36,48,1.0464,0.9645,3.6295,4.2,2.7523,0.3848,-0.5379,0.0,-0.56,0.25,22.0083,28.5581,21.007,2.1138,6878.13,22.0
CS2_36,49,1.0401,0.9586,3.6332,4.2,2.7519,0.3849,-0.5435,0.0,-0.56,0.25,22.1779,28.7526,20.9577,2.1894,6822.55,22.0
CS2_36,50,1.0429,0.9612,3.6318,4.2,2.7428,0.385,-0.5482,0.0,-0.56,0.25,22.3322,28.9776,21.0125,2.1482,6823.66,22.0
CS2_36,51,1.0444,0.9626,3.6375,4.2,2.7449,0.3851,-0.5485,0.0,-0.56,0.25,22.3539,28.88,20.907,2.0474,6818.65,22.0
CS2_36,52,1.0505,0.9682,3.6303,4.2,2.7495,0.3852,-0.5481,0.0,-0.56,0.25,22.3119,28.8183,20.914,2.1027,6889.19,22.0
CS2_36,53,1.0421,0.9604,3.6284,4.2,2.7448,0.3853,-0.5572,0.0,-0.56,0.25,22.1093,28.7985,20.9986,2.052,6828.72,22.0
CS2_36,54,1.0418,0.9602,3.6242,4.2,2.761,0.3854,-0.5421,0.0,-0.56,0.25,22.231,28.7479,20.9659,2.1039,6837.47,22.0
CS2_36,55,1.0396,0.9582,3.6304,4.2,2.7535,0.3855,-0.5571,0.0,-0.56,0.25,22.2348,28.7704,20.9874,2.1181,6810.02,22.0
CS2_36,56,1.0382,0.9568,3.6282,4.2,2.7632,0.3856,-0.5491,0.0,-0.56,0.25,22.2267,29.0314,20.9666,2.0593,6805.93,22.0
CS2_36,57,1.0377,0.9564,3.6361,4.2,2.7482,0.3857,-0.5479,0.0,-0.56,0.25,22.1901,28.7422,20.9321,2.0404,6817.58,22.0
CS2_36,58,1.0373,0.956,3.6216,4.2,2.7449,0.3858,-0.5566,0.0,-0.56,0.25,22.0705,28.7343,21.0721,2.1387,6800.34,22.0
CS2_36,59,1.0435,0.9617,3.6321,4.2,2.7517,0.3859,-0.5495,0.0,-0.56,0.25,22.34,28.8677,21.0101,2.0086,6822.4,22.0
CS2_36,60,1.0315,0.9507,3.6324,4.2,2.7549,0.386,-0.5574,0.0,-0.56,0.25,22.0016,28.9834,20.9388,2.0179,6731.61,22.0
CS2_36,61,1.0342,0.9532,3.636,4.2,2.7527,0.3861,-0.5502,0.0,-0.56,0.25,22.1631,28.8675,21.087,2.1673,6757.28,22.0
CS2_36,62,1.0346,0.9536,3.6228,4.2,2.7497,0.3862,-0.555,0.0,-0.56,0.25,22.385,28.6561,21.1617,2.1892,6743.5,22.0
CS2_36,63,1.0367,0.9555,3.6352,4.2,2.7525,0.3863,-0.5506,0.0,-0.56,0.25,22.3259,28.9434,20.9825,2.099,6776.2,22.0
CS2_36,64,1.0357,0.9546,3.6257,4.2,2.7445,0.3864,-0.5487,0.0,-0.56,0.25,22.2116,28.7866,20.9719,2.0691,6769.24,22.0
CS2_36,65,1.0307,0.9499,3.6286,4.2,2.7521,0.3865,-0.5459,0.0,-0.56,0.25,22.2152,29.0303,20.8863,2.1549,6729.65,22.0
CS2_36,66,1.0346,0.9536,3.6258,4.2,2.7512,0.3866,-0.5563,0.0,-0.56,0.25,22.1924,28.8081,21.1021,2.1253,6767.84,22.0
CS2_36,67,1.0334,0.9524,3.6186,4.2,2.7509,0.3867,-0.5452,0.0,-0.56,0.25,22.1497,28.8762,21.1048,2.1491,6764.09,22.0
CS2_36,68,1.0323,0.9514,3.6218,4.2,2.7577,0.3868,-0.5554,0.0,-0.56,0.25,22.0358,28.6568,21.0999,2.0596,6812.61,22.0
CS2_36,69,1.0277,0.9472,3.6202,4.2,2.7506,0.3869,-0.5504,0.0,-0.56,0.25,22.1905,28.7117,21.0373,2.0484,6745.85,22.0
CS2_36,70,1.03,0.9493,3.6279,4.2,2.7512,0.387,-0.5405,0.0,-0.56,0.25,22.2151,28.994,20.9213,2.1232,6742.95,22.0
CS2_36,71,1.0272,0.9467,3.6187,4.2,2.7499,0.3871,-0.547,0.0,-0.56,0.25,22.4542,29.1748,20.9584,2.0468,6742.68,22.0
CS2_36,72,1.0296,0.9489,3.6169,4.2,2.7449,0.3872,-0.5558,0.0,-0.56,0.25,22.2355,29.2745,21.0042,2.1087,6730.72,22.0
CS2_36,73,1.0265,0.946,3.623,4.2,2.7449,0.3873,-0.5528,0.0,-0.56,0.25,22.1858,28.9994,21.0304,2.138,6714.99,22.0
CS2_36,74,1.0246,0.9444,3.6171,4.2,2.7463,0.3874,-0.5522,0.0,-0.56,0.25,22.2979,29.0349,20.8694,2.0727,6708.47,22.0
CS2_36,75,1.0255,0.9451,3.6241,4.2,2.75,0.3875,-0.5458,0.0,-0.56,0.25,21.9076,28.7949,21.0626,2.0482,6700.83,22.0
CS2_36,76,1.0241,0.9439,3.618,4.2,2.752,0.3876,-0.5535,0.0,-0.56,0.25,22.413,29.0618,21.0015,2.0596,6700.01,22.0
CS2_36,77,1.0247,0.9444,3.6139,4.2,2.7377,0.3877,-0.5453,0.0,-0.56,0.25,22.2349,29.2139,21.0693,2.1284,6694.76,22.0
CS2_36,78,1.0219,0.9419,3.6219,4.2,2.745,0.3878,-0.5475,0.0,-0.56,0.25,22.3554,28.9522,20.8283,2.1908,6682.26,22.0
CS2_36,79,1.0254,0.9451,3.6146,4.2,2.7556,0.3879,-0.5505,0.0,-0.56,0.25,22.3393,29.0848,20.9061,2.0674,6691.09,22.0
CS2_36,80,1.0178,0.9381,3.6215,4.2,2.7561,0.388,-0.5447,0.0,-0.56,0.25,22.2169,28.8882,20.9861,2.0694,6649.2,22.0
CS2_36,81,1.0254,0.9451,3.6272,4.2,2.7537,0.3881,-0.5434,0.0,-0.56,0.25,22.5157,28.8883,20.9778,2.108,6684.06,22.0
CS2_36,82,1.0214,0.9414,3.6094,4.2,2.7502,0.3882,-0.5523,0.0,-0.56,0.25,22.2949,28.926,20.8601,2.0255,6679.28,22.0
CS2_36,83,1.0187,0.9389,3.6172,4.2,2.753,0.3883,-0.5575,0.0,-0.56,0.25,22.3498,28.8891,21.1111,2.1303,6679.74,22.0
CS2_36,84,1.0187,0.9389,3.6163,4.2,2.756,0.3884,-0.5534,0.0,-0.56,0.25,22.3897,28.9666,20.8255,2.0379,6661.11,22.0
CS2_36,85,1.0156,0.9361,3.6116,4.2,2.7536,0.3885,-0.5526,0.0,-0.56,0.25,22.3391,29.0827,21.0298,2.0993,6671.14,22.0
CS2_36,86,1.0183,0.9385,3.6097,4.2,2.7528,0.3886,-0.5518,0.0,-0.56,0.25,22.2833,29.0125,21.1091,2.0288,6663.55,22.0
CS2_36,87,1.017,0.9374,3.6205,4.2,2.7502,0.3887,-0.5512,0.0,-0.56,0.25,22.3869,28.9424,20.9954,2.1184,6657.18,22.0
CS2_36,88,1.0189,0.9391,3.6163,4.2,2.7511,0.3888,-0.5486,0.0,-0.56,0.25,22.3921,29.1608,20.9607,2.1951,6639.07,22.0
CS2_36,89,1.0167,0.937,3.614,4.2,2.7448,0.3889,-0.5593,0.0,-0.56,0.25,22.3422,28.7943,20.9216,2.0839,6660.88,22.0
CS2_36,90,1.0161,0.9365,3.6085,4.2,2.7546,0.389,-0.5485,0.0,-0.56,0.25,22.4444,29.0713,21.087,2.1028,6649.2,22.0
CS2_36,91,1.0129,0.9335,3.6161,4.2,2.7566,0.3891,-0.5513,0.0,-0.56,0.25,22.4933,28.9845,20.9808,2.0457,6627.64,22.0
CS2_36,92,1.0123,0.9329,3.6193,4.2,2.7475,0.3892,-0.5442,0.0,-0.56,0.25,22.414,29.1467,21.0215,2.0359,6638.35,22.0
CS2_36,93,1.0118,0.9326,3.6051,4.2,2.7552,0.3893,-0.5522,0.0,-0.56,0.25,22.3894,29.1056,21.0441,2.1227,6593.46,22.0
CS2_36,94,1.0129,0.9335,3.6156,4.2,2.7509,0.3894,-0.549,0.0,-0.56,0.25,22.2625,29.0938,20.937,2.0246,6624.37,22.0
CS2_36,95,1.0109,0.9317,3.6099,4.2,2.7578,0.3895,-0.5443,0.0,-0.56,0.25,22.3132,29.1071,20.987,2.2241,6636.69,22.0
CS2_36,96,1.0128,0.9335,3.611,4.2,2.7482,0.3896,-0.5474,0.0,-0.56,0.25,22.143,28.9483,20.9855,2.1625,6642.08,22.0
CS2_36,97,1.0094,0.9303,3.6139,4.2,2.7498,0.3897,-0.5588,0.0,-0.56,0.25,22.4189,28.8546,21.034,2.1341,6582.66,22.0
CS2_36,98,1.0096,0.9305,3.6032,4.2,2.7444,0.3898,-0.5549,0.0,-0.56,0.25,22.5404,28.8573,20.9972,2.0339,6613.99,22.0
CS2_36,99,1.0064,0.9275,3.6144,4.2,2.7406,0.3899,-0.5542,0.0,-0.56,0.25,22.429,28.7898,21.0653,2.1012,6585.27,22.0
CS2_36,100,1.0104,0.9312,3.6137,4.2,2.7491,0.39,-0.5444,0.0,-0.56,0.25,22.2786,29.0973,21.065,2.0489,6624.94,22.0
CS2_36,101,1.0068,0.9279,3.6109,4.2,2.7492,0.3901,-0.543,0.0,-0.56,0.25,22.5361,28.845,20.9085,2.0541,6572.24,22.0
CS2_36,102,1.0058,0.927,3.6202,4.2,2.7529,0.3902,-0.5478,0.0,-0.56,0.25,22.4514,28.8143,21.0653,2.0647,6581.01,22.0
CS2_36,103,1.0035,0.9249,3.6023,4.2,2.7519,0.3903,-0.5469,0.0,-0.56,0.25,22.2768,28.9742,20.9492,2.1379,6546.48,22.0
CS2_36,104,1.0041,0.9254,3.6031,4.2,2.7482,0.3904,-0.5529,0.0,-0.56,0.25,22.5447,29.0065,20.9552,2.0805,6576.73,22.0
CS2_36,105,1.0023,0.9238,3.6181,4.2,2.7477,0.3905,-0.5435,0.0,-0.56,0.25,22.3345,28.9699,20.9606,2.0889,6558.09,22.0
CS2_36,106,1.0058,0.927,3.6072,4.2,2.752,0.3906,-0.5542,0.0,-0.56,0.25,22.2439,29.1631,21.0218,2.2182,6565.14,22.0
CS2_36,107,1.005,0.9262,3.6009,4.2,2.7544,0.3907,-0.5568,0.0,-0.56,0.25,22.6496,28.9965,21.1426,2.2168,6577.79,22.0
CS2_36,108,1.0023,0.9238,3.604,4.2,2.7502,0.3908,-0.5503,0.0,-0.56,0.25,22.4339,29.1196,21.018,2.0933,6554.63,22.0
CS2_36,109,1.0032,0.9246,3.6063,4.2,2.7454,0.3909,-0.5454,0.0,-0.56,0.25,22.4878,29.0022,21.2731,2.084,6563.91,22.0
CS2_36,110,1.0038,0.9251,3.6077,4.2,2.7559,0.391,-0.548,0.0,-0.56,0.25,22.2885,29.1057,21.0458,2.0177,6587.86,22.0
CS2_36,111,1.0027,0.9242,3.6046,4.2,2.7525,0.3911,-0.5495,0.0,-0.56,0.25,22.4785,28.896,21.0578,1.9905,6567.36,22.0
CS2_36,112,0.9981,0.9199,3.6009,4.2,2.7567,0.3912,-0.5477,0.0,-0.56,0.25,22.4183,29.1654,21.0843,2.0629,6536.49,22.0
CS2_36,113,0.9981,0.9199,3.6057,4.2,2.7487,0.3913,-0.5481,0.0,-0.56,0.25,22.3368,28.8704,21.1048,2.066,6533.82,22.0
CS2_36,114,0.9992,0.921,3.6103,4.2,2.7475,0.3914,-0.5503,0.0,-0.56,0.25,22.4732,29.0949,21.0144,2.0718,6541.66,22.0
CS2_36,115,1.0009,0.9225,3.607,4.2,2.7474,0.3915,-0.5512,0.0,-0.56,0.25,22.4011,29.3761,21.0622,2.0647,6550.82,22.0
CS2_36,116,0.9943,0.9164,3.6036,4.2,2.7555,0.3916,-0.5513,0.0,-0.56,0.25,22.3328,29.134,21.1384,2.0459,6490.24,22.0
CS2_36,117,0.9942,0.9163,3.6111,4.2,2.7506,0.3917,-0.5428,0.0,-0.56,0.25,22.4325,29.0448,21.0049,2.1578,6492.47,22.0
CS2_36,118,0.9956,0.9176,3.6046,4.2,2.7508,0.3918,-0.5537,0.0,-0.56,0.25,22.4108,29.0741,20.834,2.0972,6516.69,22.0
CS2_36,119,0.9949,0.917,3.6013,4.2,2.7448,0.3919,-0.5531,0.0,-0.56,0.25,22.4123,29.4897,20.9049,2.0347,6496.01,22.0
CS2_36,120,0.9965,0.9184,3.6055,4.2,2.7552,0.392,-0.5517,0.0,-0.56,0.25,22.4496,29.1492,20.9862,2.0925,6545.67,22.0
CS2_36,121,0.9917,0.914,3.6004,4.2,2.7548,0.3921,-0.5458,0.0,-0.56,0.25,22.4321,29.1005,20.9179,1.967,6491.47,22.0
CS2_36,122,0.9934,0.9156,3.5964,4.2,2.7505,0.3922,-0.5579,0.0,-0.56,0.25,22.5428,29.0854,21.1199,2.148,6508.68,22.0
CS2_36,123,0.9956,0.9176,3.6045,4.2,2.7516,0.3923,-0.5505,0.0,-0.56,0.25,22.4997,29.4144,21.0875,2.1286,6493.59,22.0
CS2_36,124,0.9933,0.9155,3.5955,4.2,2.7471,0.3924,-0.544,0.0,-0.56,0.25,22.7215,29.3076,20.9521,2.0791,6488.08,22.0
CS2_36,125,0.9944,0.9165,3.5902,4.2,2.7534,0.3925,-0.5517,0.0,-0.56,0.25,22.6511,29.2747,20.9212,2.0818,6520.59,22.0
CS2_36,126,0.9882,0.9108,3.606,4.2,2.7508,0.3926,-0.5396,0.0,-0.56,0.25,22.5236,29.2273,21.0125,2.1802,6452.69,22.0
CS2_36,127,0.9893,0.9118,3.5918,4.2,2.7476,0.3927,-0.5542,0.0,-0.56,0.25,22.2709,29.2642,20.9779,2.0833,6458.7,22.0
CS2_36,128,0.9883,0.9109,3.589,4.2,2.7531,0.3928,-0.5506,0.0,-0.56,0.25,22.3801,29.3671,21.0546,2.0979,6456.19,22.0
CS2_36,129,0.9886,0.9112,3.6076,4.2,2.7479,0.3929,-0.5545,0.0,-0.56,0.25,22.7736,29.5971,20.9565,2.0983,6490.24,22.0
CS2_36,130,0.989,0.9116,3.5951,4.2,2.751,0.393,-0.5571,0.0,-0.56,0.25,22.4141,29.2297,20.9135,2.1161,6486.7,22.0
CS2_36,131,0.9865,0.9092,3.5959,4.2,2.7566,0.3931,-0.5537,0.0,-0.56,0.25,22.8543,29.3566,21.0698,2.043,6450.87,22.0
CS2_36,132,0.9891,0.9116,3.6059,4.2,2.7437,0.3932,-0.5443,0.0,-0.56,0.25,22.548,29.324,20.9742,2.0307,6464.86,22.0
CS2_36,133,0.9895,0.912,3.5995,4.2,2.7433,0.3933,-0.5555,0.0,-0.56,0.25,22.4776,29.3095,20.9418,2.0529,6476.52,22.0
CS2_36,134,0.9864,0.9091,3.5984,4.2,2.7556,0.3934,-0.5447,0.0,-0.56,0.25,22.4005,29.4335,21.0524,2.116,6453.88,22.0
CS2_36,135,0.985,0.9078,3.6049,4.2,2.7545,0.3935,-0.5507,0.0,-0.56,0.25,22.5917,29.2261,20.9321,2.0317,6461.66,22.0
CS2_36,136,0.9806,0.9038,3.5893,4.2,2.7518,0.3936,-0.5461,0.0,-0.56,0.25,22.4036,29.3321,20.877,2.0392,6419.23,22.0
CS2_36,137,0.9854,0.9082,3.5993,4.2,2.7475,0.3937,-0.5462,0.0,-0.56,0.25,22.4382,29.4479,20.9935,2.1838,6456.19,22.0
CS2_36,138,0.9828,0.9058,3.5918,4.2,2.757,0.3938,-0.5476,0.0,-0.56,0.25,22.4505,29.2052,21.2165,2.1053,6403.81,22.0
CS2_36,139,0.9818,0.9049,3.5929,4.2,2.7628,0.3939,-0.5426,0.0,-0.56,0.25,22.654,29.2958,20.8983,2.152,6442.35,22.0
CS2_36,140,0.9824,0.9054,3.5936,4.2,2.7398,0.394,-0.5494,0.0,-0.56,0.25,22.7069,29.1101,20.996,2.1111,6410.16,22.0
CS2_36,141,0.979,0.9023,3.5955,4.2,2.7486,0.3941,-0.5463,0.0,-0.56,0.25,22.4068,29.3606,20.9935,2.0669,6408.29,22.0
CS2_36,142,0.9811,0.9042,3.5816,4.2,2.7453,0.3942,-0.5504,0.0,-0.56,0.25,22.3794,29.4158,21.055,2.1313,6439.55,22.0
CS2_36,143,0.984,0.9069,3.5946,4.2,2.7458,0.3943,-0.547,0.0,-0.56,0.25,22.7754,29.4331,20.9561,2.0913,6477.23,22.0
CS2_36,144,0.9769,0.9004,3.595,4.2,2.7471,0.3944,-0.548,0.0,-0.56,0.25,22.5228,29.1862,21.1143,2.0622,6396.83,22.0
CS2_36,145,0.9769,0.9004,3.6022,4.2,2.754,0.3945,-0.5495,0.0,-0.56,0.25,22.4876,29.5467,21.08,2.0099,6395.7,22.0
CS2_36,146,0.9774,0.9009,3.5904,4.2,2.7536,0.3946,-0.5441,0.0,-0.56,0.25,22.6331,29.6297,20.9836,2.1408,6375.25,22.0
CS2_36,147,0.976,0.8996,3.5918,4.2,2.7568,0.3947,-0.5536,0.0,-0.56,0.25,22.5254,29.2442,20.9466,2.071,6387.74,22.0
CS2_36,148,0.9782,0.9015,3.597,4.2,2.755,0.3948,-0.5442,0.0,-0.56,0.25,22.5127,29.5047,20.9255,2.1428,6409.94,22.0
CS2_36,149,0.9756,0.8992,3.5919,4.2,2.7535,0.3949,-0.5481,0.0,-0.56,0.25,22.4402,29.3317,21.0562,2.1438,6399.56,22.0
CS2_36,150,0.9769,0.9003,3.5944,4.2,2.7626,0.395,-0.5497,0.0,-0.56,0.25,22.6925,29.3381,20.9977,2.1707,6408.25,22.0
CS2_36,151,0.9758,0.8993,3.5738,4.2,2.7429,0.3951,-0.5583,0.0,-0.56,0.25,22.5591,29.5807,21.0971,2.0755,6351.94,22.0
CS2_36,152,0.9757,0.8992,3.5895,4.2,2.7472,0.3952,-0.5547,0.0,-0.56,0.25,22.5098,29.7504,20.9472,2.1064,6402.3,22.0
CS2_36,153,0.9723,0.8961,3.5832,4.2,2.7611,0.3953,-0.5425,0.0,-0.56,0.25,22.5802,29.4858,20.9955,2.091,6370.94,22.0
CS2_36,154,0.9737,0.8974,3.5917,4.2,2.7592,0.3954,-0.5525,0.0,-0.56,0.25,22.5988,29.2879,20.8465,2.1046,6398.06,22.0
CS2_36,155,0.9724,0.8963,3.5927,4.2,2.7493,0.3955,-0.5469,0.0,-0.56,0.25,22.5662,29.5659,20.9943,2.1688,6351.54,22.0
CS2_36,156,0.9747,0.8983,3.5887,4.2,2.751,0.3956,-0.5514,0.0,-0.56,0.25,22.6161,29.6579,21.1196,2.0871,6380.3,22.0
CS2_36,157,0.9709,0.8949,3.5821,4.2,2.7454,0.3957,-0.5484,0.0,-0.56,0.25,22.4138,29.2033,20.9888,2.1449,6344.6,22.0
CS2_36,158,0.9705,0.8945,3.5875,4.2,2.7423,0.3958,-0.5498,0.0,-0.56,0.25,22.5191,29.5111,21.1329,2.0049,6340.56,22.0
CS2_36,159,0.9699,0.8939,3.5849,4.2,2.7486,0.3959,-0.5522,0.0,-0.56,0.25,22.7553,29.6533,20.9838,2.0266,6330.35,22.0
CS2_36,160,0.9702,0.8942,3.5813,4.2,2.7468,0.396,-0.5514,0.0,-0.56,0.25,22.6678,29.3855,20.9635,2.113,6360.39,22.0
CS2_36,161,0.9633,0.8878,3.588,4.2,2.7484,0.3961,-0.5477,0.0,-0.56,0.25,22.6224,29.4329,21.1035,2.0963,6316.6,22.0
CS2_36,162,0.9657,0.8901,3.5895,4.2,2.7557,0.3962,-0.5542,0.0,-0.56,0.25,22.636,29.5537,21.0457,2.166,6337.97,22.0
CS2_36,163,0.968,0.8922,3.5821,4.2,2.7494,0.3963,-0.5501,0.0,-0.56,0.25,22.7055,29.3371,20.9976,2.1189,6313.18,22.0
CS2_36,164,0.9722,0.896,3.5859,4.2,2.7467,0.3964,-0.5449,0.0,-0.56,0.25,22.729,29.3193,21.06,2.0675,6359.74,22.0
CS2_36,165,0.9662,0.8905,3.5816,4.2,2.7513,0.3965,-0.5469,0.0,-0.56,0.25,22.6916,28.9188,20.962,2.199,6311.57,22.0
CS2_36,166,0.9638,0.8883,3.5828,4.2,2.7421,0.3966,-0.5485,0.0,-0.56,0.25,22.6125,29.513,20.8373,2.1474,6324.14,22.0
CS2_36,167,0.9606,0.8853,3.5894,4.2,2.7504,0.3967,-0.5524,0.0,-0.56,0.25,22.4644,29.5194,20.9025,2.1785,6282.18,22.0
CS2_36,168,0.9603,0.8851,3.5692,4.2,2.7512,0.3968,-0.5544,0.0,-0.56,0.25,22.5786,29.5887,21.0096,2.1582,6294.61,22.0
CS2_36,169,0.9575,0.8825,3.5904,4.2,2.748,0.3969,-0.5508,0.0,-0.56,0.25,22.5547,29.4399,21.0147,2.1947,6277.16,22.0
CS2_36,170,0.9595,0.8844,3.5758,4.2,2.7431,0.397,-0.5498,0.0,-0.56,0.25,22.5815,29.5469,21.1031,2.0846,6281.63,22.0
CS2_36,171,0.9629,0.8874,3.5802,4.2,2.756,0.3971,-0.5473,0.0,-0.56,0.25,22.5449,29.3692,21.0223,2.2033,6291.49,22.0
CS2_36,172,0.9585,0.8834,3.5831,4.2,2.7453,0.3972,-0.5481,0.0,-0.56,0.25,22.6603,29.3548,21.1563,2.0227,6283.67,22.0
CS2_36,173,0.9589,0.8838,3.5796,4.2,2.7461,0.3973,-0.5467,0.0,-0.56,0.25,22.6663,29.4577,21.1006,2.0934,6279.86,22.0
CS2_36,174,0.9598,0.8846,3.5834,4.2,2.7469,0.3974,-0.5543,0.0,-0.56,0.25,22.7355,29.5625,21.1316,2.1431,6279.21,22.0
CS2_36,175,0.9577,0.8827,3.5669,4.2,2.7468,0.3975,-0.5483,0.0,-0.56,0.25,22.802,29.5635,20.9702,2.1365,6270.59,22.0
CS2_36,176,0.9554,0.8805,3.5686,4.2,2.7483,0.3976,-0.5473,0.0,-0.56,0.25,22.6823,29.5824,20.8929,2.1142,6240.85,22.0
CS2_36,177,0.9563,0.8814,3.5763,4.2,2.745,0.3977,-0.5517,0.0,-0.56,0.25,22.7007,29.4563,21.002,2.132,6257.29,22.0
CS2_36,178,0.9569,0.882,3.5715,4.2,2.7478,0.3978,-0.5558,0.0,-0.56,0.25,22.622,29.5838,21.1597,2.0873,6284.14,22.0
CS2_36,179,0.9518,0.8772,3.5716,4.2,2.754,0.3979,-0.5642,0.0,-0.56,0.25,22.7703,29.6984,20.9568,2.1314,6200.9,22.0
CS2_36,180,0.956,0.8811,3.5729,4.2,2.7469,0.398,-0.5579,0.0,-0.56,0.25,22.6889,29.5151,20.8708,2.1362,6246.69,22.0
CS2_36,181,0.9525,0.8778,3.5778,4.2,2.7512,0.3981,-0.5463,0.0,-0.56,0.25,22.6859,29.5966,20.9599,2.0934,6217.35,22.0
CS2_36,182,0.9534,0.8787,3.5842,4.2,2.7544,0.3982,-0.5452,0.0,-0.56,0.25,22.5976,29.6106,20.9947,2.1332,6258.98,22.0
CS2_36,183,0.9552,0.8804,3.5748,4.2,2.7491,0.3983,-0.5533,0.0,-0.56,0.25,22.5775,29.5088,20.9565,2.1748,6255.99,22.0
CS2_36,184,0.9534,0.8787,3.5814,4.2,2.7509,0.3984,-0.5428,0.0,-0.56,0.25,22.7907,29.3878,21.0134,2.1251,6226.52,22.0
CS2_36,185,0.9541,0.8794,3.5767,4.2,2.7437,0.3985,-0.5555,0.0,-0.56,0.25,22.5439,29.5729,20.9623,2.1233,6242.39,22.0
CS2_36,186,0.9466,0.8725,3.5658,4.2,2.7487,0.3986,-0.5419,0.0,-0.56,0.25,22.7723,29.7275,21.0688,2.1703,6191.6,22.0
CS2_36,187,0.9509,0.8764,3.5796,4.2,2.7482,0.3987,-0.5487,0.0,-0.56,0.25,22.8706,29.6663,20.9083,2.0455,6222.38,22.0
CS2_36,188,0.9532,0.8785,3.5763,4.2,2.7492,0.3988,-0.5486,0.0,-0.56,0.25,22.6228,29.4385,20.9198,2.1029,6256.12,22.0
CS2_36,189,0.952,0.8774,3.5696,4.2,2.7541,0.3989,-0.5511,0.0,-0.56,0.25,22.5682,29.773,21.071,2.0614,6245.58,22.0
CS2_36,190,0.9474,0.8732,3.5776,4.2,2.7429,0.399,-0.5563,0.0,-0.56,0.25,22.5854,29.5941,20.94,2.1315,6195.03,22.0
CS2_36,191,0.9422,0.8684,3.5782,4.2,2.7478,0.3991,-0.5487,0.0,-0.56,0.25,22.8808,29.8009,21.0629,2.0853,6173.6,22.0
CS2_36,192,0.9473,0.8731,3.577,4.2,2.7497,0.3992,-0.5474,0.0,-0.56,0.25,22.7247,29.6634,20.9604,2.0957,6201.51,22.0
CS2_36,193,0.9458,0.8717,3.5859,4.2,2.7551,0.3993,-0.5478,0.0,-0.56,0.25,22.7813,29.7432,20.9631,2.0679,6176.69,22.0
CS2_36,194,0.9442,0.8703,3.5719,4.2,2.7438,0.3994,-0.5491,0.0,-0.56,0.25,22.7272,29.7407,21.0885,2.1357,6173.35,22.0
CS2_36,195,0.945,0.871,3.5756,4.2,2.7475,0.3995,-0.557,0.0,-0.56,0.25,22.5888,29.4525,21.0376,2.1292,6168.92,22.0
CS2_36,196,0.944,0.87,3.5643,4.2,2.7543,0.3996,-0.548,0.0,-0.56,0.25,22.7993,29.7208,21.0644,2.1276,6162.77,22.0
CS2_36,197,0.9463,0.8721,3.5747,4.2,2.7538,0.3997,-0.5593,0.0,-0.56,0.25,22.5971,29.5727,21.0974,2.0504,6199.92,22.0
CS2_36,198,0.943,0.8692,3.5768,4.2,2.7509,0.3998,-0.5474,0.0,-0.56,0.25,22.8047,29.4585,21.1201,2.0533,6194.63,22.0
CS2_36,199,0.9427,0.8689,3.5709,4.2,2.7579,0.3999,-0.5546,0.0,-0.56,0.25,22.6435,29.6573,21.0715,2.0857,6172.53,22.0
CS2_36,200,0.9418,0.868,3.5824,4.2,2.7497,0.4,-0.5422,0.0,-0.56,0.25,22.75,29.8563,20.9609,2.1217,6170.08,22.0
CS2_36,201,0.9398,0.8662,3.57,4.2,2.7608,0.4001,-0.5409,0.0,-0.56,0.25,22.7914,29.7108,21.0869,2.0053,6169.01,22.0
CS2_36,202,0.9402,0.8666,3.5612,4.2,2.7467,0.4002,-0.5482,0.0,-0.56,0.25,22.8344,29.9838,21.0743,2.1719,6158.07,22.0
CS2_36,203,0.9411,0.8673,3.5628,4.2,2.7514,0.4003,-0.5474,0.0,-0.56,0.25,22.605,29.5724,21.0069,2.1715,6155.31,22.0
CS2_36,204,0.9421,0.8683,3.5625,4.2,2.7541,0.4004,-0.544,0.0,-0.56,0.25,22.7555,29.9294,21.007,2.0919,6162.62,22.0
CS2_36,205,0.9454,0.8713,3.5646,4.2,2.7502,0.4005,-0.5519,0.0,-0.56,0.25,22.7831,29.7256,21.0478,2.0707,6173.04,22.0
CS2_36,206,0.9395,0.8659,3.5623,4.2,2.7493,0.4006,-0.5471,0.0,-0.56,0.25,22.8359,29.8006,21.061,2.0912,6141.7,22.0
CS2_36,207,0.9351,0.8619,3.5764,4.2,2.7533,0.4007,-0.5541,0.0,-0.56,0.25,22.6634,29.8583,21.0849,2.0961,6096.26,22.0
CS2_36,208,0.9382,0.8647,3.5715,4.2,2.7451,0.4008,-0.5503,0.0,-0.56,0.25,22.7843,29.7259,21.0459,2.0615,6142.93,22.0
CS2_36,209,0.9372,0.8638,3.5655,4.2,2.7484,0.4009,-0.5452,0.0,-0.56,0.25,22.6931,29.8221,21.1764,2.1595,6118.81,22.0
CS2_36,210,0.9404,0.8667,3.5607,4.2,2.75,0.401,-0.5428,0.0,-0.56,0.25,22.6514,29.6058,21.0491,2.1206,6164.15,22.0
CS2_36,211,0.9357,0.8624,3.5709,4.2,2.7479,0.4011,-0.5468,0.0,-0.56,0.25,22.6531,29.5739,20.9099,2.1133,6139.4,22.0
CS2_36,212,0.9361,0.8627,3.5703,4.2,2.7479,0.4012,-0.5442,0.0,-0.56,0.25,22.6744,29.7788,20.9531,2.1517,6108.07,22.0
CS2_36,213,0.9334,0.8603,3.5611,4.2,2.7453,0.4013,-0.5581,0.0,-0.56,0.25,22.6535,29.7384,21.0228,2.0254,6118.38,22.0
CS2_36,214,0.9313,0.8584,3.5712,4.2,2.748,0.4014,-0.5399,0.0,-0.56,0.25,22.862,29.7597,20.9657,2.0766,6127.43,22.0
CS2_36,215,0.9329,0.8598,3.569,4.2,2.7559,0.4015,-0.5479,0.0,-0.56,0.25,22.7494,29.6259,20.9726,2.0185,6100.2,22.0
CS2_36,216,0.9332,0.8601,3.557,4.2,2.7585,0.4016,-0.5492,0.0,-0.56,0.25,23.1064,29.9532,20.8776,2.1008,6110.83,22.0
CS2_36,217,0.9331,0.86,3.56,4.2,2.7449,0.4017,-0.555,0.0,-0.56,0.25,22.8196,29.9873,21.0263,2.1051,6102.04,22.0
CS2_36,218,0.9318,0.8588,3.562,4.2,2.7491,0.4018,-0.5509,0.0,-0.56,0.25,22.7474,29.9947,20.9153,2.0207,6096.18,22.0
CS2_36,219,0.9271,0.8544,3.57,4.2,2.7531,0.4019,-0.5494,0.0,-0.56,0.25,23.1424,30.0205,21.0524,2.0854,6067.67,22.0
CS2_36,220,0.9261,0.8536,3.5705,4.2,2.7464,0.402,-0.5502,0.0,-0.56,0.25,22.8378,29.4602,20.898,2.1054,6079.83,22.0
CS2_36,221,0.9247,0.8522,3.5676,4.2,2.7536,0.4021,-0.5479,0.0,-0.56,0.25,22.9929,29.643,21.0296,2.1418,6055.13,22.0
CS2_36,222,0.9304,0.8575,3.5563,4.2,2.7555,0.4022,-0.5582,0.0,-0.56,0.25,22.931,29.9321,20.9824,2.1367,6085.69,22.0
CS2_36,223,0.9312,0.8583,3.5635,4.2,2.7553,0.4023,-0.5484,0.0,-0.56,0.25,22.8249,29.6595,20.946,2.0313,6101.04,22.0
CS2_36,224,0.9267,0.8541,3.5715,4.2,2.7494,0.4024,-0.5557,0.0,-0.56,0.25,22.8632,29.4175,20.9599,2.0953,6074.37,22.0
CS2_36,225,0.9258,0.8533,3.5692,4.2,2.7535,0.4025,-0.5516,0.0,-0.56,0.25,22.5572,30.0233,20.9214,2.0642,6051.65,22.0
CS2_36,226,0.9205,0.8484,3.5669,4.2,2.7422,0.4026,-0.5554,0.0,-0.56,0.25,22.9139,29.9764,20.8915,2.0336,6014.51,22.0
CS2_36,227,0.9262,0.8536,3.5677,4.2,2.7573,0.4027,-0.5551,0.0,-0.56,0.25,22.9503,29.462,20.9186,2.0688,6077.82,22.0
CS2_36,228,0.9248,0.8523,3.5633,4.2,2.7539,0.4028,-0.5463,0.0,-0.56,0.25,22.9672,29.6664,20.9397,2.1612,6067.16,22.0
CS2_36,229,0.9248,0.8524,3.5555,4.2,2.7524,0.4029,-0.542,0.0,-0.56,0.25,22.8067,29.637,20.9852,2.0673,6048.35,22.0
CS2_36,230,0.9225,0.8502,3.5478,4.2,2.7515,0.403,-0.5554,0.0,-0.56,0.25,22.8596,30.0484,21.0237,2.148,6056.55,22.0
CS2_36,231,0.9182,0.8463,3.5621,4.2,2.7396,0.4031,-0.5488,0.0,-0.56,0.25,22.956,29.856,21.0568,2.1056,6013.89,22.0
CS2_36,232,0.9172,0.8453,3.553,4.2,2.7562,0.4032,-0.5499,0.0,-0.56,0.25,22.94,29.7705,21.0708,2.152,6006.28,22.0
CS2_36,233,0.9188,0.8468,3.5483,4.2,2.752,0.4033,-0.5501,0.0,-0.56,0.25,22.7633,29.9523,20.8224,2.1468,5982.24,22.0
CS2_36,234,0.9217,0.8495,3.5507,4.2,2.744,0.4034,-0.546,0.0,-0.56,0.25,23.0465,29.9923,20.971,2.042,6034.54,22.0
CS2_36,235,0.9184,0.8465,3.5493,4.2,2.7454,0.4035,-0.5473,0.0,-0.56,0.25,23.0746,29.6114,20.9451,2.1414,6010.41,22.0
CS2_36,236,0.9178,0.8459,3.5548,4.2,2.7491,0.4036,-0.5472,0.0,-0.56,0.25,23.0448,30.1989,20.937,2.0232,6002.84,22.0
CS2_36,237,0.9184,0.8465,3.5472,4.2,2.7453,0.4037,-0.5499,0.0,-0.56,0.25,22.9626,29.7282,21.0714,2.0999,5995.7,22.0
CS2_36,238,0.9153,0.8436,3.5486,4.2,2.7571,0.4038,-0.5458,0.0,-0.56,0.25,22.9248,29.8029,20.7793,2.0999,6008.74,22.0
CS2_36,239,0.9117,0.8403,3.5528,4.2,2.751,0.4039,-0.5459,0.0,-0.56,0.25,23.0509,29.9257,20.965,2.0793,5994.46,22.0
CS2_36,240,0.912,0.8406,3.5553,4.2,2.7512,0.404,-0.5528,0.0,-0.56,0.25,22.896,29.9194,20.9918,2.1012,5939.4,22.0
CS2_36,241,0.9136,0.842,3.5482,4.2,2.7462,0.4041,-0.554,0.0,-0.56,0.25,22.9695,29.886,21.0681,2.1082,5977.28,22.0
CS2_36,242,0.9132,0.8417,3.5577,4.2,2.7521,0.4042,-0.5462,0.0,-0.56,0.25,23.0107,29.7984,21.0521,2.0888,5974.68,22.0
CS2_36,243,0.9102,0.8389,3.5515,4.2,2.7507,0.4043,-0.5522,0.0,-0.56,0.25,22.9465,29.8607,20.8759,2.1609,5955.0,22.0
CS2_36,244,0.9127,0.8412,3.5456,4.2,2.7456,0.4044,-0.5519,0.0,-0.56,0.25,22.9335,29.7607,20.9542,2.0766,5961.85,22.0
CS2_36,245,0.9157,0.844,3.5457,4.2,2.7454,0.4045,-0.5466,0.0,-0.56,0.25,22.7107,29.9985,20.9992,2.0185,5988.56,22.0
CS2_36,246,0.9103,0.839,3.5539,4.2,2.7476,0.4046,-0.5494,0.0,-0.56,0.25,22.9117,30.2911,20.8794,2.1632,5952.66,22.0
CS2_36,247,0.9086,0.8374,3.5549,4.2,2.7422,0.4047,-0.5585,0.0,-0.56,0.25,22.8769,29.7755,21.0107,2.1281,5948.09,22.0
CS2_36,248,0.9116,0.8402,3.5469,4.2,2.7541,0.4048,-0.5449,0.0,-0.56,0.25,22.8123,29.5969,20.8868,2.1403,5958.31,22.0
CS2_36,249,0.9137,0.8421,3.5591,4.2,2.7513,0.4049,-0.5479,0.0,-0.56,0.25,23.0264,29.6331,21.054,2.0968,5967.89,22.0
CS2_36,250,0.9108,0.8395,3.548,4.2,2.7517,0.405,-0.5468,0.0,-0.56,0.25,22.8964,29.8583,20.9901,2.0761,5952.8,22.0
CS2_36,251,0.909,0.8378,3.5495,4.2,2.7474,0.4051,-0.5545,0.0,-0.56,0.25,22.8275,30.2743,21.0678,2.1067,5948.9,22.0
CS2_36,252,0.906,0.835,3.5552,4.2,2.7535,0.4052,-0.5521,0.0,-0.56,0.25,22.9592,29.946,21.0269,2.1432,5944.66,22.0
CS2_36,253,0.9092,0.838,3.5439,4.2,2.7503,0.4053,-0.5467,0.0,-0.56,0.25,23.0263,29.7635,20.9668,2.1174,5910.88,22.0
CS2_36,254,0.9028,0.832,3.5429,4.2,2.7555,0.4054,-0.5528,0.0,-0.56,0.25,22.9537,30.0369,20.9537,1.9355,5910.48,22.0
CS2_36,255,0.902,0.8314,3.5371,4.2,2.7461,0.4055,-0.548,0.0,-0.56,0.25,22.7433,30.1308,21.1601,2.1075,5912.89,22.0
CS2_36,256,0.9041,0.8333,3.5435,4.2,2.7459,0.4056,-0.5547,0.0,-0.56,0.25,23.1571,30.0895,20.9428,2.0958,5911.47,22.0
CS2_36,257,0.9077,0.8366,3.5541,4.2,2.7488,0.4057,-0.5589,0.0,-0.56,0.25,23.0216,29.8405,21.1008,2.0614,5968.6,22.0
CS2_36,258,0.9,0.8295,3.5556,4.2,2.7497,0.4058,-0.5591,0.0,-0.56,0.25,23.2507,30.1047,21.048,2.0914,5851.48,22.0
CS2_36,259,0.9054,0.8345,3.5551,4.2,2.7541,0.4059,-0.561,0.0,-0.56,0.25,22.963,30.1337,21.0306,1.933,5930.24,22.0
CS2_36,260,0.9033,0.8326,3.5461,4.2,2.7461,0.406,-0.5443,0.0,-0.56,0.25,22.8965,30.0294,21.0081,2.0268,5910.9,22.0
CS2_36,261,0.9027,0.8319,3.546,4.2,2.7526,0.4061,-0.5431,0.0,-0.56,0.25,23.0363,30.033,20.9666,2.1385,5895.05,22.0
CS2_36,262,0.9061,0.8351,3.5349,4.2,2.7491,0.4062,-0.5387,0.0,-0.56,0.25,22.883,29.9607,20.9841,2.0894,5959.11,22.0
CS2_36,263,0.9002,0.8297,3.5426,4.2,2.748,0.4063,-0.5544,0.0,-0.56,0.25,22.8384,29.9165,20.9632,2.1097,5912.34,22.0
CS2_36,264,0.9082,0.8371,3.5367,4.2,2.7527,0.4064,-0.5559,0.0,-0.56,0.25,23.1329,30.3662,20.9934,2.099,5959.99,22.0
CS2_36,265,0.8977,0.8274,3.5411,4.2,2.7397,0.4065,-0.5504,0.0,-0.56,0.25,22.9965,29.9154,20.9786,2.1131,5894.16,22.0
CS2_36,266,0.8992,0.8288,3.5426,4.2,2.754,0.4066,-0.5459,0.0,-0.56,0.25,22.9417,30.0922,21.0468,1.9904,5881.61,22.0
CS2_36,267,0.8981,0.8278,3.5457,4.2,2.7493,0.4067,-0.553,0.0,-0.56,0.25,22.9802,30.204,21.0826,2.1386,5872.88,22.0
CS2_36,268,0.8969,0.8266,3.5404,4.2,2.7403,0.4068,-0.5538,0.0,-0.56,0.25,23.004,30.134,21.0575,1.9777,5888.3,22.0
CS2_36,269,0.8966,0.8263,3.5378,4.2,2.7491,0.4069,-0.5538,0.0,-0.56,0.25,22.9718,30.1932,20.947,2.1137,5882.07,22.0
CS2_36,270,0.9013,0.8307,3.5444,4.2,2.7439,0.407,-0.5494,0.0,-0.56,0.25,22.9242,30.0039,21.0003,2.1088,5909.54,22.0
CS2_36,271,0.8941,0.8241,3.5414,4.2,2.7531,0.4071,-0.5477,0.0,-0.56,0.25,23.0523,30.0834,21.1584,2.1049,5853.94,22.0
CS2_36,272,0.8992,0.8288,3.541,4.2,2.7532,0.4072,-0.5565,0.0,-0.56,0.25,22.9727,30.1357,21.002,2.0635,5870.69,22.0
CS2_36,273,0.8974,0.8271,3.5447,4.2,2.7434,0.4073,-0.5504,0.0,-0.56,0.25,23.3221,29.9627,21.0711,2.0184,5869.43,22.0
CS2_36,274,0.896,0.8258,3.5437,4.2,2.7514,0.4074,-0.5532,0.0,-0.56,0.25,22.8889,30.1019,20.9757,2.1097,5855.34,22.0
CS2_36,275,0.8936,0.8236,3.5325,4.2,2.7583,0.4075,-0.5469,0.0,-0.56,0.25,22.9941,30.2375,21.0488,2.0823,5840.64,22.0
CS2_36,276,0.8936,0.8236,3.5334,4.2,2.7481,0.4076,-0.5513,0.0,-0.56,0.25,23.0884,30.0912,20.9494,2.0369,5848.24,22.0
CS2_36,277,0.8882,0.8186,3.5386,4.2,2.7423,0.4077,-0.5541,0.0,-0.56,0.25,23.07,30.1265,20.9716,2.0548,5788.21,22.0
CS2_36,278,0.8922,0.8223,3.5404,4.2,2.7451,0.4078,-0.5468,0.0,-0.56,0.25,23.1531,30.2928,21.0925,2.0897,5849.87,22.0
CS2_36,279,0.8918,0.8219,3.5396,4.2,2.7588,0.4079,-0.5457,0.0,-0.56,0.25,23.0818,30.0749,21.0181,2.0916,5825.57,22.0
CS2_36,280,0.8865,0.817,3.5251,4.2,2.7536,0.408,-0.5472,0.0,-0.56,0.25,23.0834,30.3184,20.8598,2.1342,5795.91,22.0
CS2_36,281,0.8893,0.8196,3.5315,4.2,2.7552,0.4081,-0.5341,0.0,-0.56,0.25,23.1389,30.2482,20.8876,2.0206,5825.26,22.0
CS2_36,282,0.8919,0.8221,3.5368,4.2,2.7621,0.4082,-0.5498,0.0,-0.56,0.25,23.1172,30.2429,20.8654,2.078,5836.37,22.0
CS2_36,283,0.8882,0.8186,3.5433,4.2,2.7528,0.4083,-0.5439,0.0,-0.56,0.25,23.118,30.4671,21.0588,2.1079,5816.95,22.0
CS2_36,284,0.8901,0.8204,3.5343,4.2,2.748,0.4084,-0.5445,0.0,-0.56,0.25,23.1482,30.3741,20.8061,2.1465,5830.88,22.0
CS2_36,285,0.8873,0.8178,3.531,4.2,2.756,0.4085,-0.5523,0.0,-0.56,0.25,23.1555,30.0213,20.8947,2.119,5812.86,22.0
CS2_36,286,0.886,0.8166,3.5407,4.2,2.7483,0.4086,-0.5426,0.0,-0.56,0.25,23.2579,30.3757,20.9583,2.1087,5783.57,22.0
CS2_36,287,0.8832,0.814,3.5414,4.2,2.7538,0.4087,-0.5429,0.0,-0.56,0.25,22.9532,30.0364,20.9212,2.1011,5791.14,22.0
CS2_36,288,0.8847,0.8154,3.5349,4.2,2.7462,0.4088,-0.5477,0.0,-0.56,0.25,23.2548,29.9846,21.0588,2.0955,5808.54,22.0
CS2_36,289,0.8856,0.8162,3.5363,4.2,2.7465,0.4089,-0.5447,0.0,-0.56,0.25,23.2234,30.2726,20.9555,1.914,5794.51,22.0
CS2_36,290,0.8839,0.8147,3.5361,4.2,2.7444,0.409,-0.5508,0.0,-0.56,0.25,22.9386,30.6056,21.0456,2.1519,5820.16,22.0
CS2_36,291,0.8855,0.8161,3.5377,4.2,2.7494,0.4091,-0.5558,0.0,-0.56,0.25,22.9428,30.2545,20.9704,2.1671,5777.07,22.0
CS2_36,292,0.8831,0.8139,3.5374,4.2,2.7512,0.4092,-0.5515,0.0,-0.56,0.25,22.8301,30.2803,20.9549,2.064,5793.23,22.0
CS2_36,293,0.8853,0.816,3.5375,4.2,2.7433,0.4093,-0.5569,0.0,-0.56,0.25,23.1076,30.1141,21.0671,2.0943,5769.9,22.0
CS2_36,294,0.8815,0.8125,3.532,4.2,2.7454,0.4094,-0.5466,0.0,-0.56,0.25,23.095,30.4046,20.9907,2.1263,5781.9,22.0
CS2_36,295,0.879,0.8101,3.5262,4.2,2.7533,0.4095,-0.5498,0.0,-0.56,0.25,22.9904,30.3193,20.8986,1.9768,5770.84,22.0
CS2_36,296,0.8794,0.8105,3.535,4.2,2.7478,0.4096,-0.5536,0.0,-0.56,0.25,23.1874,30.116,20.9181,2.1361,5773.53,22.0
CS2_36,297,0.8799,0.811,3.5193,4.2,2.751,0.4097,-0.5641,0.0,-0.56,0.25,23.0173,30.0515,20.8695,2.0474,5790.98,22.0
CS2_36,298,0.8784,0.8096,3.5357,4.2,2.7486,0.4098,-0.5597,0.0,-0.56,0.25,23.2694,30.4185,20.9103,2.0694,5747.91,22.0
CS2_36,299,0.8774,0.8086,3.5373,4.2,2.7426,0.4099,-0.5497,0.0,-0.56,0.25,23.2953,30.1715,20.9907,2.1088,5721.13,22.0
CS2_36,300,0.8763,0.8077,3.5317,4.2,2.7485,0.41,-0.5406,0.0,-0.56,0.25,23.1926,30.2224,20.9027,2.1877,5738.57,22.0
CS2_36,301,0.8759,0.8073,3.5401,4.2,2.7479,0.4101,-0.5542,0.0,-0.56,0.25,23.2275,30.5913,21.0431,2.1547,5734.51,22.0
CS2_36,302,0.877,0.8083,3.5222,4.2,2.7477,0.4102,-0.5486,0.0,-0.56,0.25,23.128,30.1644,21.009,2.1324,5745.04,22.0
CS2_36,303,0.8797,0.8108,3.5354,4.2,2.7551,0.4103,-0.5546,0.0,-0.56,0.25,23.0221,30.2356,21.038,2.1665,5741.81,22.0
CS2_36,304,0.8758,0.8072,3.5346,4.2,2.7545,0.4104,-0.5498,0.0,-0.56,0.25,23.3868,30.0683,21.1301,2.1394,5731.93,22.0
CS2_36,305,0.873,0.8046,3.5272,4.2,2.7475,0.4105,-0.549,0.0,-0.56,0.25,23.0453,30.4686,20.9595,2.1979,5707.32,22.0
CS2_36,306,0.8775,0.8088,3.5206,4.2,2.7451,0.4106,-0.5453,0.0,-0.56,0.25,23.1677,30.4684,20.7755,2.1311,5757.34,22.0
CS2_36,307,0.8733,0.8049,3.5298,4.2,2.7539,0.4107,-0.5526,0.0,-0.56,0.25,23.2683,30.5996,21.0631,2.0279,5736.27,22.0
CS2_36,308,0.8745,0.8059,3.5346,4.2,2.7424,0.4108,-0.5465,0.0,-0.56,0.25,23.0781,30.1786,21.0673,2.1122,5730.53,22.0
CS2_36,309,0.8729,0.8045,3.5326,4.2,2.7523,0.4109,-0.5435,0.0,-0.56,0.25,23.1839,30.1722,21.1288,2.1027,5705.0,22.0
CS2_36,310,0.8733,0.8049,3.5412,4.2,2.7497,0.411,-0.5521,0.0,-0.56,0.25,22.8984,30.3021,20.9177,2.1524,5727.88,22.0
CS2_36,311,0.8696,0.8015,3.5297,4.2,2.7533,0.4111,-0.547,0.0,-0.56,0.25,22.9856,30.6652,21.0037,2.0822,5688.22,22.0
CS2_36,312,0.8723,0.804,3.5254,4.2,2.7557,0.4112,-0.5429,0.0,-0.56,0.25,22.9496,30.3666,20.9642,2.0677,5709.96,22.0
CS2_36,313,0.8706,0.8024,3.5293,4.2,2.7526,0.4113,-0.5465,0.0,-0.56,0.25,22.902,30.5253,20.9563,2.1048,5682.62,22.0
CS2_36,314,0.8697,0.8016,3.5223,4.2,2.7518,0.4114,-0.5519,0.0,-0.56,0.25,23.076,30.1149,21.0229,2.0153,5670.48,22.0
CS2_36,315,0.869,0.8009,3.5314,4.2,2.7496,0.4115,-0.553,0.0,-0.56,0.25,23.0413,30.4425,20.9016,2.081,5698.93,22.0
CS2_36,316,0.8651,0.7973,3.5224,4.2,2.7473,0.4116,-0.5437,0.0,-0.56,0.25,23.0537,30.3107,21.0215,2.0681,5678.46,22.0
CS2_36,317,0.8683,0.8003,3.5236,4.2,2.7475,0.4117,-0.5505,0.0,-0.56,0.25,23.1766,30.3788,20.9675,2.0585,5698.12,22.0
CS2_36,318,0.8766,0.8079,3.5307,4.2,2.7517,0.4118,-0.548,0.0,-0.56,0.25,23.1062,30.5224,21.0032,2.0581,5746.55,22.0
CS2_36,319,0.8653,0.7975,3.5086,4.2,2.753,0.4119,-0.5587,0.0,-0.56,0.25,23.2048,30.4607,20.9444,2.1729,5657.76,22.0
CS2_36,320,0.8657,0.7979,3.5277,4.2,2.7496,0.412,-0.5441,0.0,-0.56,0.25,23.0476,30.479,21.1024,2.0479,5651.19,22.0
CS2_36,321,0.8656,0.7978,3.5158,4.2,2.7528,0.4121,-0.5466,0.0,-0.56,0.25,23.3835,30.255,21.0024,2.0913,5650.28,22.0
CS2_36,322,0.8645,0.7968,3.5187,4.2,2.7494,0.4122,-0.5461,0.0,-0.56,0.25,23.2021,30.2363,21.0492,2.1879,5657.57,22.0
CS2_36,323,0.8636,0.7959,3.5206,4.2,2.745,0.4123,-0.5447,0.0,-0.56,0.25,23.1218,30.1855,20.8268,2.137,5656.39,22.0
CS2_36,324,0.8615,0.794,3.5229,4.2,2.7498,0.4124,-0.5474,0.0,-0.56,0.25,23.4421,30.3934,20.9014,2.0481,5620.5,22.0
CS2_36,325,0.8645,0.7967,3.5205,4.2,2.7555,0.4125,-0.5487,0.0,-0.56,0.25,23.5315,30.4253,21.0373,2.0779,5643.14,22.0
CS2_36,326,0.8574,0.7902,3.5104,4.2,2.75,0.4126,-0.5515,0.0,-0.56,0.25,23.248,30.3499,20.9458,2.0808,5612.05,22.0
CS2_36,327,0.8595,0.7922,3.5152,4.2,2.7543,0.4127,-0.555,0.0,-0.56,0.25,23.3814,30.3679,20.9249,2.1077,5610.0,22.0
CS2_36,328,0.8598,0.7924,3.5211,4.2,2.7543,0.4128,-0.5551,0.0,-0.56,0.25,23.4059,30.3928,20.99,2.0906,5642.88,22.0
CS2_36,329,0.8606,0.7931,3.5293,4.2,2.7546,0.4129,-0.551,0.0,-0.56,0.25,23.0506,30.3135,20.9465,2.1572,5654.16,22.0
CS2_36,330,0.8598,0.7924,3.5215,4.2,2.7477,0.413,-0.5554,0.0,-0.56,0.25,23.4612,30.4327,20.8722,2.0568,5633.69,22.0
CS2_36,331,0.8574,0.7903,3.5197,4.2,2.7493,0.4131,-0.5566,0.0,-0.56,0.25,23.2855,30.4226,20.9823,2.1007,5627.31,22.0
CS2_36,332,0.8578,0.7906,3.5174,4.2,2.7484,0.4132,-0.5525,0.0,-0.56,0.25,23.4306,30.22,20.953,2.0385,5619.65,22.0
CS2_36,333,0.8622,0.7946,3.5119,4.2,2.756,0.4133,-0.5596,0.0,-0.56,0.25,23.4954,30.4401,21.0659,2.0635,5629.74,22.0
CS2_36,334,0.8557,0.7886,3.5131,4.2,2.7389,0.4134,-0.5522,0.0,-0.56,0.25,23.3203,30.5061,21.0227,2.1049,5593.1,22.0
CS2_36,335,0.856,0.7889,3.5199,4.2,2.7446,0.4135,-0.5523,0.0,-0.56,0.25,23.1528,30.5912,20.8954,2.0354,5600.77,22.0
CS2_36,336,0.8552,0.7882,3.5056,4.2,2.7483,0.4136,-0.5531,0.0,-0.56,0.25,23.1442,30.645,21.0107,2.1231,5580.7,22.0
CS2_36,337,0.8569,0.7898,3.5165,4.2,2.7549,0.4137,-0.5491,0.0,-0.56,0.25,23.2441,30.6944,21.1163,2.0396,5607.15,22.0
CS2_36,338,0.8552,0.7882,3.5166,4.2,2.7602,0.4138,-0.5503,0.0,-0.56,0.25,23.2337,30.3827,20.8695,2.0636,5603.17,22.0
CS2_36,339,0.8553,0.7883,3.5119,4.2,2.7456,0.4139,-0.5569,0.0,-0.56,0.25,23.1788,30.3786,21.0857,2.0593,5596.79,22.0
CS2_36,340,0.8522,0.7854,3.518,4.2,2.752,0.414,-0.5481,0.0,-0.56,0.25,23.3552,30.3053,21.0494,2.0784,5565.05,22.0
CS2_36,341,0.8532,0.7863,3.5069,4.2,2.7504,0.4141,-0.5494,0.0,-0.56,0.25,23.0224,30.642,21.0027,2.1477,5562.76,22.0
CS2_36,342,0.8511,0.7844,3.5182,4.2,2.75,0.4142,-0.5495,0.0,-0.56,0.25,23.1623,30.4973,20.9589,2.1298,5577.54,22.0
CS2_36,343,0.8525,0.7857,3.506,4.2,2.7579,0.4143,-0.5338,0.0,-0.56,0.25,23.1832,30.6357,21.0323,1.994,5558.57,22.0
CS2_36,344,0.8496,0.783,3.5237,4.2,2.7499,0.4144,-0.5432,0.0,-0.56,0.25,23.3563,30.3214,20.9261,2.1285,5546.82,22.0
CS2_36,345,0.8521,0.7853,3.513,4.2,2.7491,0.4145,-0.5513,0.0,-0.56,0.25,23.4325,30.4781,21.08,2.0868,5604.52,22.0
CS2_36,346,0.8511,0.7844,3.5219,4.2,2.7544,0.4146,-0.5556,0.0,-0.56,0.25,23.5217,30.6579,21.0196,2.0906,5548.49,22.0
CS2_36,347,0.8463,0.78,3.525,4.2,2.7472,0.4147,-0.5449,0.0,-0.56,0.25,23.5153,30.6417,20.9858,2.1244,5513.74,22.0
CS2_36,348,0.8497,0.7831,3.5021,4.2,2.7508,0.4148,-0.5474,0.0,-0.56,0.25,23.3218,30.4061,21.0596,2.0743,5554.21,22.0
CS2_36,349,0.8488,0.7823,3.5065,4.2,2.7478,0.4149,-0.546,0.0,-0.56,0.25,23.3701,30.3173,21.0515,2.0687,5568.99,22.0
CS2_36,350,0.8449,0.7787,3.514,4.2,2.7483,0.415,-0.5523,0.0,-0.56,0.25,23.3447,30.7372,21.0809,2.1035,5560.04,22.0
CS2_36,351,0.8479,0.7815,3.5103,4.2,2.746,0.4151,-0.5518,0.0,-0.56,0.25,23.4419,30.4473,20.942,2.1309,5547.63,22.0
CS2_36,352,0.8455,0.7792,3.4941,4.2,2.7504,0.4152,-0.5392,0.0,-0.56,0.25,23.3702,30.4059,21.0615,2.1223,5518.05,22.0
CS2_36,353,0.844,0.7779,3.5013,4.2,2.7457,0.4153,-0.5516,0.0,-0.56,0.25,23.5174,30.7122,21.1528,2.0685,5511.24,22.0
CS2_36,354,0.8486,0.7821,3.5115,4.2,2.7503,0.4154,-0.5428,0.0,-0.56,0.25,23.3239,30.5808,20.8265,2.0773,5574.03,22.0
CS2_36,355,0.8457,0.7794,3.5115,4.2,2.7623,0.4155,-0.5517,0.0,-0.56,0.25,23.3729,30.5475,20.9552,2.1439,5532.03,22.0
CS2_36,356,0.8407,0.7749,3.5095,4.2,2.7525,0.4156,-0.5519,0.0,-0.56,0.25,23.4111,30.2665,21.0569,2.0787,5521.53,22.0
CS2_36,357,0.8457,0.7795,3.5042,4.2,2.7439,0.4157,-0.5492,0.0,-0.56,0.25,23.4606,30.4647,21.0658,2.1158,5548.17,22.0
CS2_36,358,0.8417,0.7757,3.505,4.2,2.747,0.4158,-0.5543,0.0,-0.56,0.25,23.4122,30.474,21.0886,2.0874,5495.81,22.0
CS2_36,359,0.8443,0.7782,3.5059,4.2,2.7488,0.4159,-0.547,0.0,-0.56,0.25,23.4869,30.6333,21.1486,2.1341,5536.44,22.0
CS2_36,360,0.8408,0.7749,3.5038,4.2,2.7516,0.416,-0.5589,0.0,-0.56,0.25,23.4854,30.7532,20.9762,2.063,5500.98,22.0
CS2_36,361,0.8385,0.7728,3.5023,4.2,2.7433,0.4161,-0.556,0.0,-0.56,0.25,23.3715,30.5295,20.9903,2.1284,5486.91,22.0
CS2_36,362,0.841,0.7751,3.5081,4.2,2.7473,0.4162,-0.5573,0.0,-0.56,0.25,23.3701,30.5587,20.9888,2.074,5516.52,22.0
CS2_36,363,0.8447,0.7785,3.4972,4.2,2.7409,0.4163,-0.5492,0.0,-0.56,0.25,23.4336,30.542,20.8516,2.092,5505.73,22.0
CS2_36,364,0.8365,0.771,3.4986,4.2,2.7505,0.4164,-0.5544,0.0,-0.56,0.25,23.326,30.6389,20.9614,2.0295,5459.74,22.0
CS2_36,365,0.8378,0.7721,3.4978,4.2,2.7585,0.4165,-0.5525,0.0,-0.56,0.25,23.3905,30.7321,21.0332,2.045,5498.54,22.0
CS2_36,366,0.8422,0.7762,3.5089,4.2,2.7409,0.4166,-0.5561,0.0,-0.56,0.25,23.4096,30.7679,20.9413,2.1423,5492.74,22.0
CS2_36,367,0.8364,0.7709,3.5027,4.2,2.7424,0.4167,-0.5558,0.0,-0.56,0.25,23.2971,30.7596,21.0052,2.0535,5466.07,22.0
CS2_36,368,0.8396,0.7738,3.5143,4.2,2.7394,0.4168,-0.5459,0.0,-0.56,0.25,23.6144,30.7258,21.0718,2.0888,5540.65,22.0
CS2_36,369,0.8367,0.7711,3.5039,4.2,2.7498,0.4169,-0.5521,0.0,-0.56,0.25,23.4951,30.5632,20.9779,2.0689,5474.79,22.0
CS2_36,370,0.8393,0.7736,3.4984,4.2,2.7536,0.417,-0.54,0.0,-0.56,0.25,23.3288,30.6768,21.1524,2.0915,5490.16,22.0
CS2_36,371,0.8373,0.7717,3.4963,4.2,2.7519,0.4171,-0.5454,0.0,-0.56,0.25,23.5726,30.4045,20.984,2.0368,5458.7,22.0
CS2_36,372,0.8333,0.768,3.4979,4.2,2.7444,0.4172,-0.5389,0.0,-0.56,0.25,23.4548,30.7703,20.8788,2.1466,5476.87,22.0
CS2_36,373,0.8337,0.7684,3.4939,4.2,2.7535,0.4173,-0.5464,0.0,-0.56,0.25,23.6158,30.9012,21.0305,2.1878,5446.53,22.0
CS2_36,374,0.8345,0.7692,3.5019,4.2,2.7489,0.4174,-0.5518,0.0,-0.56,0.25,23.3618,30.8626,21.0966,2.107,5468.37,22.0
CS2_36,375,0.8337,0.7684,3.4911,4.2,2.7467,0.4175,-0.5471,0.0,-0.56,0.25,23.4151,30.5995,20.9234,2.0165,5483.23,22.0
CS2_36,376,0.8305,0.7654,3.4995,4.2,2.754,0.4176,-0.5453,0.0,-0.56,0.25,23.2709,30.6817,21.0595,2.1333,5431.63,22.0
CS2_36,377,0.8273,0.7625,3.4995,4.2,2.7438,0.4177,-0.5518,0.0,-0.56,0.25,23.5263,30.4873,20.9765,2.1018,5413.82,22.0
CS2_36,378,0.8312,0.766,3.5033,4.2,2.7496,0.4178,-0.5509,0.0,-0.56,0.25,23.7168,30.907,21.0709,2.1292,5474.62,22.0
CS2_36,379,0.8322,0.767,3.4876,4.2,2.7506,0.4179,-0.5511,0.0,-0.56,0.25,23.4339,30.3111,20.9087,2.147,5464.1,22.0
CS2_36,380,0.8278,0.763,3.5091,4.2,2.7422,0.418,-0.547,0.0,-0.56,0.25,23.5372,30.6933,21.1228,2.09,5425.94,22.0
CS2_36,381,0.8296,0.7646,3.5034,4.2,2.7374,0.4181,-0.5509,0.0,-0.56,0.25,23.4487,30.8845,20.9964,2.0939,5429.42,22.0
CS2_36,382,0.8282,0.7633,3.4966,4.2,2.7438,0.4182,-0.5584,0.0,-0.56,0.25,23.3559,30.7289,20.88,2.081,5418.52,22.0
CS2_36,383,0.8299,0.7648,3.4944,4.2,2.7488,0.4183,-0.553,0.0,-0.56,0.25,23.2562,30.7379,20.9487,2.1446,5437.09,22.0
CS2_36,384,0.8228,0.7583,3.4851,4.2,2.7442,0.4184,-0.5501,0.0,-0.56,0.25,23.4292,30.8472,20.8958,2.0921,5384.47,22.0
CS2_36,385,0.8263,0.7616,3.4929,4.2,2.7544,0.4185,-0.5503,0.0,-0.56,0.25,23.3858,30.6556,21.0631,2.0396,5379.04,22.0
CS2_36,386,0.8284,0.7635,3.4931,4.2,2.7518,0.4186,-0.556,0.0,-0.56,0.25,23.5805,30.7827,20.9812,2.1339,5443.45,22.0
CS2_36,387,0.8235,0.759,3.4923,4.2,2.7416,0.4187,-0.5539,0.0,-0.56,0.25,23.3228,30.7424,21.019,2.1363,5382.73,22.0
CS2_36,388,0.8242,0.7596,3.4843,4.2,2.7551,0.4188,-0.5515,0.0,-0.56,0.25,23.3775,30.8561,20.9897,2.0703,5423.61,22.0
CS2_36,389,0.8232,0.7587,3.4977,4.2,2.748,0.4189,-0.543,0.0,-0.56,0.25,23.4986,30.8716,20.9227,2.0628,5396.93,22.0
CS2_36,390,0.8223,0.7578,3.4907,4.2,2.7472,0.419,-0.5584,0.0,-0.56,0.25,23.2992,30.6175,21.0631,2.0284,5384.53,22.0
CS2_36,391,0.8229,0.7585,3.4902,4.2,2.7466,0.4191,-0.5519,0.0,-0.56,0.25,23.4562,30.7068,21.003,2.067,5386.19,22.0
CS2_36,392,0.8199,0.7556,3.4884,4.2,2.7507,0.4192,-0.5432,0.0,-0.56,0.25,23.3454,30.8485,21.0396,2.1137,5377.71,22.0
CS2_36,393,0.8205,0.7562,3.4874,4.2,2.7557,0.4193,-0.5462,0.0,-0.56,0.25,23.5667,30.8611,20.9041,2.1471,5374.75,22.0
CS2_36,394,0.8188,0.7547,3.4987,4.2,2.7534,0.4194,-0.5505,0.0,-0.56,0.25,23.6277,30.8396,20.9582,2.0826,5368.23,22.0
CS2_36,395,0.8212,0.7568,3.4945,4.2,2.7461,0.4195,-0.5536,0.0,-0.56,0.25,23.5844,30.8603,21.0043,2.1575,5353.98,22.0
CS2_36,396,0.8161,0.7521,3.4944,4.2,2.7495,0.4196,-0.5515,0.0,-0.56,0.25,23.6477,30.8787,20.8962,2.0933,5310.55,22.0
CS2_36,397,0.8183,0.7542,3.4872,4.2,2.7513,0.4197,-0.5509,0.0,-0.56,0.25,23.4061,30.7954,20.9611,2.1275,5377.97,22.0
CS2_36,398,0.8172,0.7532,3.4863,4.2,2.7527,0.4198,-0.5474,0.0,-0.56,0.25,23.4746,30.567,21.0243,2.0897,5371.28,22.0
CS2_36,399,0.8184,0.7543,3.4834,4.2,2.7462,0.4199,-0.5531,0.0,-0.56,0.25,23.6344,31.1169,20.9438,2.092,5347.19,22.0
CS2_36,400,0.816,0.7521,3.4862,4.2,2.7521,0.42,-0.5426,0.0,-0.56,0.25,23.605,30.9656,21.1025,2.1513,5337.31,22.0
CS2_36,401,0.8157,0.7518,3.4811,4.2,2.7476,0.4201,-0.552,0.0,-0.56,0.25,23.605,30.838,21.2087,2.1802,5318.16,22.0
CS2_36,402,0.8195,0.7553,3.492,4.2,2.7421,0.4202,-0.5637,0.0,-0.56,0.25,23.4022,30.9417,21.026,2.0931,5369.14,22.0
CS2_36,403,0.8161,0.7522,3.4888,4.2,2.7499,0.4203,-0.5552,0.0,-0.56,0.25,23.7744,30.7913,20.9728,2.1197,5337.07,22.0
CS2_36,404,0.8174,0.7534,3.4944,4.2,2.7578,0.4204,-0.5504,0.0,-0.56,0.25,23.5062,30.815,20.928,2.2261,5343.12,22.0
CS2_36,405,0.8215,0.7572,3.4875,4.2,2.7524,0.4205,-0.5506,0.0,-0.56,0.25,23.5423,30.9334,21.1119,2.0883,5378.69,22.0
CS2_36,406,0.8107,0.7472,3.482,4.2,2.7456,0.4206,-0.5535,0.0,-0.56,0.25,23.5085,30.8633,20.988,2.0564,5300.47,22.0
CS2_36,407,0.814,0.7503,3.4875,4.2,2.7451,0.4207,-0.5465,0.0,-0.56,0.25,23.5681,30.673,20.9426,1.9596,5348.04,22.0
CS2_36,408,0.8141,0.7503,3.4945,4.2,2.7414,0.4208,-0.5588,0.0,-0.56,0.25,23.2313,30.6774,20.9735,2.0384,5305.27,22.0
CS2_36,409,0.8183,0.7542,3.494,4.2,2.7541,0.4209,-0.5536,0.0,-0.56,0.25,23.6362,31.0057,21.0547,2.0409,5366.83,22.0
CS2_36,410,0.8084,0.7451,3.4842,4.2,2.7576,0.421,-0.5475,0.0,-0.56,0.25,23.6557,30.668,20.874,2.0682,5301.05,22.0
CS2_36,411,0.8101,0.7467,3.4836,4.2,2.7504,0.4211,-0.5513,0.0,-0.56,0.25,23.4076,30.6846,21.0991,2.0499,5273.4,22.0
CS2_36,412,0.8061,0.743,3.4862,4.2,2.7545,0.4212,-0.5461,0.0,-0.56,0.25,23.6891,30.8871,20.9644,2.0822,5271.89,22.0
CS2_36,413,0.8092,0.7458,3.4804,4.2,2.7509,0.4213,-0.561,0.0,-0.56,0.25,23.5486,30.9253,20.99,2.1035,5275.21,22.0
CS2_36,414,0.8084,0.745,3.4833,4.2,2.7497,0.4214,-0.546,0.0,-0.56,0.25,23.5505,30.9185,20.8995,2.1254,5288.9,22.0
CS2_36,415,0.8051,0.7421,3.4824,4.2,2.7495,0.4215,-0.5422,0.0,-0.56,0.25,23.5819,31.3818,21.0025,2.0947,5279.52,22.0
CS2_36,416,0.8072,0.744,3.4868,4.2,2.7535,0.4216,-0.5448,0.0,-0.56,0.25,23.5739,31.125,21.0103,2.0956,5268.67,22.0
CS2_36,417,0.8072,0.7439,3.4927,4.2,2.7574,0.4217,-0.5596,0.0,-0.56,0.25,23.5945,30.933,20.8745,2.1408,5256.2,22.0
CS2_36,418,0.8049,0.7419,3.4922,4.2,2.758,0.4218,-0.5493,0.0,-0.56,0.25,23.4671,31.2221,20.9969,1.9983,5265.01,22.0
CS2_36,419,0.8045,0.7415,3.4765,4.2,2.754,0.4219,-0.5544,0.0,-0.56,0.25,23.4828,31.0954,20.9847,2.0237,5300.56,22.0
CS2_36,420,0.8032,0.7402,3.4875,4.2,2.7499,0.422,-0.5573,0.0,-0.56,0.25,23.4665,30.8969,20.9084,2.101,5247.99,22.0
CS2_36,421,0.8028,0.7399,3.4826,4.2,2.7502,0.4221,-0.5497,0.0,-0.56,0.25,23.5578,30.8852,20.982,2.0563,5265.46,22.0
CS2_36,422,0.8015,0.7387,3.4805,4.2,2.7486,0.4222,-0.5458,0.0,-0.56,0.25,23.6564,30.9017,21.0316,2.1363,5220.46,22.0
CS2_36,423,0.8028,0.7399,3.4813,4.2,2.7535,0.4223,-0.5562,0.0,-0.56,0.25,23.684,30.7588,21.004,2.0756,5276.91,22.0
CS2_36,424,0.8016,0.7388,3.4891,4.2,2.7489,0.4224,-0.5452,0.0,-0.56,0.25,23.688,30.9726,20.9367,2.1078,5263.82,22.0
CS2_36,425,0.7985,0.736,3.4762,4.2,2.751,0.4225,-0.5557,0.0,-0.56,0.25,23.6288,30.6225,21.0777,2.2015,5221.6,22.0
CS2_36,426,0.7999,0.7372,3.4829,4.2,2.747,0.4226,-0.5503,0.0,-0.56,0.25,23.6569,30.7205,20.9783,2.0771,5248.23,22.0
CS2_36,427,0.7969,0.7345,3.4731,4.2,2.7576,0.4227,-0.5483,0.0,-0.56,0.25,23.6137,30.8699,21.0444,2.0468,5206.17,22.0
CS2_36,428,0.798,0.7355,3.4886,4.2,2.7472,0.4228,-0.5476,0.0,-0.56,0.25,23.5012,30.8215,20.8842,2.1136,5243.49,22.0
CS2_36,429,0.7938,0.7316,3.482,4.2,2.7494,0.4229,-0.5426,0.0,-0.56,0.25,23.7124,30.7805,21.1181,2.1376,5201.92,22.0
CS2_36,430,0.7922,0.7301,3.4792,4.2,2.7509,0.423,-0.5471,0.0,-0.56,0.25,23.5835,31.0424,20.9817,2.0675,5182.81,22.0
CS2_36,431,0.7896,0.7278,3.4802,4.2,2.7596,0.4231,-0.5561,0.0,-0.56,0.25,23.5826,31.068,20.9491,2.058,5150.96,22.0
CS2_36,432,0.7914,0.7294,3.4659,4.2,2.746,0.4232,-0.5522,0.0,-0.56,0.25,23.7121,31.1204,21.0056,2.0557,5167.42,22.0
CS2_36,433,0.7902,0.7283,3.4715,4.2,2.7492,0.4233,-0.5539,0.0,-0.56,0.25,23.6367,31.0929,21.0012,2.0455,5181.71,22.0
CS2_36,434,0.7907,0.7287,3.4617,4.2,2.7555,0.4234,-0.5532,0.0,-0.56,0.25,23.7303,31.2374,21.0441,2.0923,5189.01,22.0
CS2_36,435,0.7906,0.7287,3.4661,4.2,2.7373,0.4235,-0.5501,0.0,-0.56,0.25,23.7771,31.1996,20.8979,2.1605,5182.32,22.0
CS2_36,436,0.7855,0.724,3.4829,4.2,2.7519,0.4236,-0.5414,0.0,-0.56,0.25,23.7966,31.0718,21.1728,2.0337,5139.83,22.0
CS2_36,437,0.7879,0.7261,3.4733,4.2,2.7467,0.4237,-0.5472,0.0,-0.56,0.25,23.5208,31.1075,21.0242,2.1202,5183.32,22.0
CS2_36,438,0.7856,0.724,3.4781,4.2,2.7544,0.4238,-0.5504,0.0,-0.56,0.25,23.7109,31.0218,20.9772,2.0356,5123.41,22.0
CS2_36,439,0.7836,0.7222,3.4746,4.2,2.7525,0.4239,-0.5454,0.0,-0.56,0.25,23.5107,31.3032,21.042,2.1077,5114.33,22.0
CS2_36,440,0.7839,0.7225,3.476,4.2,2.7428,0.424,-0.555,0.0,-0.56,0.25,23.7461,30.9898,21.0221,2.0698,5138.32,22.0
CS2_36,441,0.7815,0.7203,3.4713,4.2,2.7521,0.4241,-0.5483,0.0,-0.56,0.25,23.6328,30.9983,20.8735,2.1611,5088.03,22.0
CS2_36,442,0.7791,0.718,3.4755,4.2,2.7513,0.4242,-0.5478,0.0,-0.56,0.25,23.7334,31.1167,20.9106,2.0983,5078.92,22.0
CS2_36,443,0.7788,0.7178,3.4806,4.2,2.7511,0.4243,-0.5507,0.0,-0.56,0.25,23.7573,31.1394,20.8301,2.0876,5094.24,22.0
CS2_36,444,0.7786,0.7176,3.4702,4.2,2.7536,0.4244,-0.5441,0.0,-0.56,0.25,23.7013,31.095,21.001,2.118,5095.25,22.0
CS2_36,445,0.7755,0.7147,3.475,4.2,2.7463,0.4245,-0.5489,0.0,-0.56,0.25,23.8292,31.2065,21.0433,2.1151,5079.23,22.0
CS2_36,446,0.7762,0.7154,3.4654,4.2,2.7581,0.4246,-0.5546,0.0,-0.56,0.25,23.7034,31.0505,20.9243,2.1581,5061.47,22.0
CS2_36,447,0.779,0.718,3.4637,4.2,2.7515,0.4247,-0.5447,0.0,-0.56,0.25,23.7253,31.1933,21.0611,2.1012,5094.83,22.0
CS2_36,448,0.7698,0.7095,3.4785,4.2,2.7477,0.4248,-0.5449,0.0,-0.56,0.25,23.7237,31.0724,21.007,2.0284,5045.6,22.0
CS2_36,449,0.7731,0.7125,3.4673,4.2,2.7459,0.4249,-0.5424,0.0,-0.56,0.25,23.8279,31.0389,20.8699,2.0142,5041.54,22.0
CS2_36,450,0.7695,0.7092,3.4777,4.2,2.7489,0.425,-0.5469,0.0,-0.56,0.25,23.8208,31.0644,20.9794,2.087,5045.52,22.0
CS2_36,451,0.7726,0.7121,3.4672,4.2,2.7486,0.4251,-0.5562,0.0,-0.56,0.25,23.8832,31.1946,20.9838,2.1794,5058.15,22.0
CS2_36,452,0.7701,0.7098,3.4617,4.2,2.7527,0.4252,-0.5514,0.0,-0.56,0.25,23.5483,31.16,21.0195,2.0122,5060.91,22.0
CS2_36,453,0.7629,0.7032,3.4683,4.2,2.7441,0.4253,-0.5516,0.0,-0.56,0.25,23.5899,31.068,21.0342,2.1057,4994.38,22.0
CS2_36,454,0.7687,0.7085,3.4692,4.2,2.7566,0.4254,-0.5498,0.0,-0.56,0.25,23.8083,31.1593,21.1761,2.1214,5040.7,22.0
CS2_36,455,0.7649,0.705,3.4739,4.2,2.76,0.4255,-0.5531,0.0,-0.56,0.25,23.7785,31.3279,20.9636,2.1706,4987.9,22.0
CS2_36,456,0.7655,0.7055,3.4644,4.2,2.75,0.4256,-0.5561,0.0,-0.56,0.25,23.6458,31.327,20.9982,2.0687,4993.19,22.0
CS2_36,457,0.7601,0.7005,3.4716,4.2,2.7499,0.4257,-0.5511,0.0,-0.56,0.25,23.8266,31.1031,21.1005,2.0483,4979.98,22.0
CS2_36,458,0.7614,0.7018,3.4634,4.2,2.7552,0.4258,-0.5503,0.0,-0.56,0.25,23.7101,31.0954,21.135,2.0471,4990.47,22.0
CS2_36,459,0.7604,0.7008,3.4745,4.2,2.7458,0.4259,-0.5567,0.0,-0.56,0.25,23.7303,30.9529,20.9277,2.0729,4969.73,22.0
CS2_36,460,0.7611,0.7015,3.4627,4.2,2.7448,0.426,-0.5433,0.0,-0.56,0.25,23.7542,31.0991,20.9378,2.1405,4978.05,22.0
CS2_36,461,0.7563,0.6971,3.4697,4.2,2.7467,0.4261,-0.5501,0.0,-0.56,0.25,23.6594,31.3553,21.126,2.063,4946.21,22.0
CS2_36,462,0.7526,0.6936,3.4639,4.2,2.7598,0.4262,-0.5468,0.0,-0.56,0.25,24.0074,31.3097,21.1578,2.0882,4937.27,22.0
CS2_36,463,0.7574,0.6981,3.4642,4.2,2.7497,0.4263,-0.5495,0.0,-0.56,0.25,23.9209,31.1503,20.9674,2.1166,4967.83,22.0
CS2_36,464,0.7543,0.6952,3.4569,4.2,2.751,0.4264,-0.5448,0.0,-0.56,0.25,23.8318,31.292,20.8855,2.0739,4924.37,22.0
CS2_36,465,0.7514,0.6925,3.4561,4.2,2.745,0.4265,-0.5419,0.0,-0.56,0.25,23.6736,31.2726,20.928,2.0727,4905.09,22.0
CS2_36,466,0.7521,0.6932,3.4673,4.2,2.7474,0.4266,-0.542,0.0,-0.56,0.25,23.9364,31.4256,20.8915,2.0038,4903.43,22.0
CS2_36,467,0.7523,0.6934,3.4614,4.2,2.7547,0.4267,-0.5505,0.0,-0.56,0.25,23.8923,31.2835,20.877,2.1224,4904.6,22.0
CS2_36,468,0.7538,0.6947,3.4583,4.2,2.7553,0.4268,-0.5532,0.0,-0.56,0.25,23.7827,31.1799,21.0976,2.1249,4946.18,22.0
CS2_36,469,0.7442,0.6859,3.4601,4.2,2.7601,0.4269,-0.5535,0.0,-0.56,0.25,23.844,31.2416,20.8878,2.0662,4863.1,22.0
CS2_36,470,0.7459,0.6875,3.4592,4.2,2.7505,0.427,-0.5571,0.0,-0.56,0.25,23.832,31.2577,21.0433,2.0859,4893.01,22.0
CS2_36,471,0.7421,0.6839,3.4655,4.2,2.7445,0.4271,-0.5496,0.0,-0.56,0.25,23.8057,31.2629,20.9807,2.1834,4888.09,22.0
CS2_36,472,0.7396,0.6817,3.4531,4.2,2.757,0.4272,-0.5516,0.0,-0.56,0.25,23.8799,31.3442,20.9562,2.0319,4829.29,22.0
CS2_36,473,0.7384,0.6806,3.4563,4.2,2.7518,0.4273,-0.5523,0.0,-0.56,0.25,23.8107,31.2312,20.8828,2.0671,4824.94,22.0
CS2_36,474,0.739,0.6811,3.4628,4.2,2.7478,0.4274,-0.5575,0.0,-0.56,0.25,23.864,31.1904,20.9825,2.0574,4845.38,22.0
CS2_36,475,0.7409,0.6829,3.4626,4.2,2.7446,0.4275,-0.5425,0.0,-0.56,0.25,23.9503,31.278,21.1981,2.0704,4868.74,22.0
CS2_36,476,0.7354,0.6778,3.4646,4.2,2.7457,0.4276,-0.5507,0.0,-0.56,0.25,24.0542,31.1428,20.8907,2.0678,4810.44,22.0
CS2_36,477,0.7375,0.6797,3.4551,4.2,2.7506,0.4277,-0.5504,0.0,-0.56,0.25,23.8872,30.9651,20.8759,2.0533,4846.89,22.0
CS2_36,478,0.7357,0.6781,3.4572,4.2,2.7544,0.4278,-0.5628,0.0,-0.56,0.25,23.703,31.3616,20.9824,2.1719,4800.4,22.0
CS2_36,479,0.7318,0.6745,3.4583,4.2,2.7549,0.4279,-0.5454,0.0,-0.56,0.25,24.0289,31.298,20.9522,2.0938,4788.47,22.0
CS2_36,480,0.7303,0.6731,3.4508,4.2,2.7518,0.428,-0.5469,0.0,-0.56,0.25,23.596,31.3545,21.006,2.1387,4771.12,22.0
CS2_36,481,0.7274,0.6704,3.461,4.2,2.745,0.4281,-0.5535,0.0,-0.56,0.25,23.8203,31.3706,20.9227,2.1513,4743.27,22.0
CS2_36,482,0.7279,0.6709,3.4586,4.2,2.7558,0.4282,-0.5473,0.0,-0.56,0.25,23.7202,31.2433,20.9925,2.1186,4773.87,22.0
CS2_36,483,0.7248,0.668,3.4598,4.2,2.7453,0.4283,-0.551,0.0,-0.56,0.25,23.8295,31.2401,21.0755,2.1492,4753.2,22.0
CS2_36,484,0.7239,0.6672,3.4595,4.2,2.7388,0.4284,-0.547,0.0,-0.56,0.25,23.7629,31.3527,21.0223,2.1065,4738.35,22.0
CS2_36,485,0.722,0.6654,3.4598,4.2,2.7482,0.4285,-0.5519,0.0,-0.56,0.25,23.804,31.3744,21.1039,2.142,4723.2,22.0
CS2_36,486,0.7219,0.6654,3.4589,4.2,2.7457,0.4286,-0.5561,0.0,-0.56,0.25,23.8939,31.3446,20.9182,2.1385,4709.71,22.0
CS2_36,487,0.7173,0.6611,3.4487,4.2,2.7429,0.4287,-0.5486,0.0,-0.56,0.25,23.7279,31.1032,20.7822,2.1583,4677.91,22.0
CS2_36,488,0.7193,0.6629,3.4562,4.2,2.7537,0.4288,-0.5471,0.0,-0.56,0.25,24.0505,31.2618,21.0687,2.09,4690.41,22.0
CS2_36,489,0.7202,0.6638,3.4455,4.2,2.7541,0.4289,-0.5542,0.0,-0.56,0.25,23.8804,31.5706,20.9307,2.0828,4716.2,22.0
CS2_36,490,0.715,0.6589,3.4576,4.2,2.7439,0.429,-0.5465,0.0,-0.56,0.25,24.0162,31.2965,21.0444,2.0919,4694.8,22.0
CS2_36,491,0.7181,0.6619,3.4449,4.2,2.7615,0.4291,-0.5519,0.0,-0.56,0.25,23.8491,31.1379,20.9808,2.1302,4692.44,22.0
CS2_36,492,0.7156,0.6596,3.4478,4.2,2.7555,0.4292,-0.5456,0.0,-0.56,0.25,23.9113,31.4281,21.0588,2.1105,4666.09,22.0
CS2_36,493,0.7133,0.6575,3.449,4.2,2.7547,0.4293,-0.5568,0.0,-0.56,0.25,23.9321,31.2907,21.1002,2.1291,4659.79,22.0
CS2_36,494,0.7114,0.6557,3.4406,4.2,2.7534,0.4294,-0.5481,0.0,-0.56,0.25,23.819,31.3617,21.1188,2.1205,4679.15,22.0
CS2_36,495,0.7072,0.6518,3.4512,4.2,2.7543,0.4295,-0.5585,0.0,-0.56,0.25,23.971,31.3392,21.1088,2.1472,4638.12,22.0
CS2_36,496,0.7059,0.6506,3.4522,4.2,2.7433,0.4296,-0.5525,0.0,-0.56,0.25,23.8409,31.5656,21.0593,2.1094,4631.2,22.0
CS2_36,497,0.7037,0.6485,3.4595,4.2,2.7504,0.4297,-0.5461,0.0,-0.56,0.25,23.9512,31.5724,20.8832,2.1117,4621.71,22.0
CS2_36,498,0.7018,0.6468,3.4602,4.2,2.7414,0.4298,-0.5436,0.0,-0.56,0.25,24.0314,31.6307,20.982,2.0763,4596.0,22.0
CS2_36,499,0.7032,0.6481,3.4593,4.2,2.7445,0.4299,-0.5548,0.0,-0.56,0.25,23.8623,31.5586,20.8853,1.9846,4613.29,22.0
CS2_36,500,0.7022,0.6472,3.4501,4.2,2.7392,0.43,-0.5513,0.0,-0.56,0.25,23.8207,31.4772,21.0858,2.1356,4570.25,22.0
CS2_36,501,0.6987,0.6439,3.4529,4.2,2.7439,0.4301,-0.5439,0.0,-0.56,0.25,23.9278,31.1462,21.1174,2.0469,4590.14,22.0
CS2_36,502,0.6936,0.6392,3.4515,4.2,2.7543,0.4302,-0.5457,0.0,-0.56,0.25,23.7852,31.4544,21.0092,2.0801,4547.16,22.0
CS2_36,503,0.6979,0.6432,3.4546,4.2,2.7454,0.4303,-0.5463,0.0,-0.56,0.25,23.9795,31.3159,20.965,2.162,4549.15,22.0
CS2_36,504,0.6978,0.6431,3.4521,4.2,2.7551,0.4304,-0.5574,0.0,-0.56,0.25,24.0356,31.5424,21.0583,2.0556,4549.83,22.0
CS2_36,505,0.6922,0.638,3.4523,4.2,2.7481,0.4305,-0.5426,0.0,-0.56,0.25,24.1374,31.4942,20.7943,2.0674,4529.09,22.0
CS2_36,506,0.6894,0.6354,3.453,4.2,2.7457,0.4306,-0.552,0.0,-0.56,0.25,24.185,31.2096,21.1048,2.1306,4537.81,22.0
CS2_36,507,0.6871,0.6332,3.4504,4.2,2.7551,0.4307,-0.5547,0.0,-0.56,0.25,23.9558,31.6921,20.9593,2.1589,4484.87,22.0
CS2_36,508,0.6848,0.6312,3.4464,4.2,2.7573,0.4308,-0.5444,0.0,-0.56,0.25,23.9494,31.3597,20.8917,2.1214,4500.47,22.0
CS2_36,509,0.688,0.6341,3.4473,4.2,2.7572,0.4309,-0.5405,0.0,-0.56,0.25,23.8901,31.4106,20.9784,2.1432,4503.64,22.0
CS2_36,510,0.6844,0.6308,3.4374,4.2,2.7493,0.431,-0.5422,0.0,-0.56,0.25,24.0333,31.5476,20.9798,2.155,4494.62,22.0
CS2_36,511,0.6841,0.6305,3.4379,4.2,2.7493,0.4311,-0.5446,0.0,-0.56,0.25,24.126,31.7761,20.9532,2.0553,4477.39,22.0
CS2_36,512,0.6783,0.6252,3.4495,4.2,2.7473,0.4312,-0.5422,0.0,-0.56,0.25,24.0254,31.696,20.9493,2.1118,4437.94,22.0
CS2_36,513,0.678,0.6249,3.4496,4.2,2.7493,0.4313,-0.5479,0.0,-0.56,0.25,24.031,31.5778,20.9684,2.0669,4478.35,22.0
CS2_36,514,0.6791,0.6259,3.4371,4.2,2.7553,0.4314,-0.5488,0.0,-0.56,0.25,24.0393,31.591,21.064,2.0839,4435.87,22.0
CS2_36,515,0.6765,0.6235,3.4355,4.2,2.7443,0.4315,-0.5515,0.0,-0.56,0.25,24.0042,31.5325,21.0783,2.0799,4443.27,22.0
CS2_36,516,0.6742,0.6214,3.4474,4.2,2.7538,0.4316,-0.5463,0.0,-0.56,0.25,24.1383,31.5036,21.1377,2.0763,4432.29,22.0
CS2_36,517,0.6745,0.6217,3.452,4.2,2.749,0.4317,-0.5494,0.0,-0.56,0.25,23.9618,31.655,21.0931,2.1379,4407.2,22.0
CS2_36,518,0.6692,0.6168,3.4494,4.2,2.7504,0.4318,-0.5514,0.0,-0.56,0.25,24.0355,31.4381,20.9448,2.183,4392.01,22.0
CS2_36,519,0.6686,0.6162,3.4404,4.2,2.7516,0.4319,-0.5486,0.0,-0.56,0.25,24.0095,31.4486,20.9864,2.1774,4370.04,22.0
CS2_36,520,0.6681,0.6158,3.4454,4.2,2.7459,0.432,-0.5519,0.0,-0.56,0.25,24.0135,31.4387,21.0129,2.0841,4363.13,22.0
CS2_36,521,0.6681,0.6157,3.4384,4.2,2.7547,0.4321,-0.5507,0.0,-0.56,0.25,24.1447,31.5393,20.9606,2.0873,4390.4,22.0
CS2_36,522,0.6639,0.6119,3.4411,4.2,2.7489,0.4322,-0.5406,0.0,-0.56,0.25,24.075,31.6822,20.957,2.1096,4351.46,22.0
CS2_36,523,0.6627,0.6108,3.4442,4.2,2.755,0.4323,-0.5578,0.0,-0.56,0.25,23.8399,31.5285,21.0861,2.1291,4358.86,22.0
CS2_36,524,0.6628,0.6109,3.4327,4.2,2.7574,0.4324,-0.5543,0.0,-0.56,0.25,23.9929,31.5002,20.8949,2.0896,4366.1,22.0
CS2_36,525,0.663,0.611,3.4422,4.2,2.7546,0.4325,-0.5439,0.0,-0.56,0.25,24.2097,31.4714,21.0369,2.1006,4348.77,22.0
CS2_36,526,0.6575,0.6059,3.4479,4.2,2.7507,0.4326,-0.5573,0.0,-0.56,0.25,24.1917,31.5927,21.0241,1.9778,4308.29,22.0
CS2_36,527,0.6546,0.6033,3.451,4.2,2.7469,0.4327,-0.5497,0.0,-0.56,0.25,24.0365,31.4629,20.8823,2.1406,4294.21,22.0
CS2_36,528,0.6589,0.6073,3.4367,4.2,2.7423,0.4328,-0.5416,0.0,-0.56,0.25,24.181,31.7745,21.0981,2.0538,4323.9,22.0
CS2_36,529,0.6515,0.6005,3.4316,4.2,2.752,0.4329,-0.5579,0.0,-0.56,0.25,23.9657,31.6894,21.0331,2.0484,4267.92,22.0
CS2_36,530,0.6498,0.5989,3.4386,4.2,2.7567,0.433,-0.5554,0.0,-0.56,0.25,23.9628,31.6036,20.9986,2.0542,4254.86,22.0
CS2_36,531,0.6562,0.6048,3.4408,4.2,2.7537,0.4331,-0.5478,0.0,-0.56,0.25,24.2076,31.5337,21.0311,2.0178,4289.77,22.0
CS2_36,532,0.6451,0.5945,3.4469,4.2,2.7511,0.4332,-0.5513,0.0,-0.56,0.25,24.0416,31.7674,21.1588,2.0919,4191.28,22.0
CS2_36,533,0.6495,0.5987,3.4319,4.2,2.7477,0.4333,-0.5537,0.0,-0.56,0.25,24.1887,31.2255,21.02,2.1232,4244.18,22.0
CS2_36,534,0.6376,0.5876,3.4454,4.2,2.7596,0.4334,-0.5433,0.0,-0.56,0.25,24.0657,31.9247,21.1363,2.152,4155.22,22.0
CS2_36,535,0.6407,0.5905,3.4404,4.2,2.7497,0.4335,-0.5425,0.0,-0.56,0.25,24.0877,31.7366,21.0276,2.1386,4205.94,22.0
CS2_36,536,0.6418,0.5916,3.4325,4.2,2.7477,0.4336,-0.5426,0.0,-0.56,0.25,24.1499,31.6933,21.0245,2.094,4203.22,22.0
CS2_36,537,0.644,0.5936,3.4366,4.2,2.7471,0.4337,-0.5548,0.0,-0.56,0.25,23.8615,31.5082,21.2144,2.0789,4207.53,22.0
CS2_36,538,0.6379,0.5879,3.4363,4.2,2.7551,0.4338,-0.5496,0.0,-0.56,0.25,24.0817,31.7523,20.91,1.9874,4190.11,22.0
CS2_36,539,0.6344,0.5847,3.4417,4.2,2.7488,0.4339,-0.5568,0.0,-0.56,0.25,24.1374,31.7492,21.0179,2.1501,4147.99,22.0
CS2_36,540,0.6317,0.5822,3.4376,4.2,2.755,0.434,-0.543,0.0,-0.56,0.25,24.0721,31.475,21.0563,2.1245,4140.76,22.0
CS2_36,541,0.6327,0.5831,3.4297,4.2,2.745,0.4341,-0.5523,0.0,-0.56,0.25,24.081,31.7869,21.0442,2.206,4135.93,22.0
CS2_36,542,0.6282,0.579,3.4366,4.2,2.7515,0.4342,-0.5477,0.0,-0.56,0.25,24.0193,31.7445,20.9805,2.0035,4118.35,22.0
CS2_36,543,0.6282,0.5789,3.4318,4.2,2.7561,0.4343,-0.5433,0.0,-0.56,0.25,24.2647,31.7261,20.9516,2.1168,4106.56,22.0
CS2_36,544,0.6279,0.5787,3.4352,4.2,2.7529,0.4344,-0.5549,0.0,-0.56,0.25,24.1848,31.9837,21.2885,2.0033,4131.74,22.0
CS2_36,545,0.6227,0.574,3.4324,4.2,2.7549,0.4345,-0.5483,0.0,-0.56,0.25,23.9969,31.6176,20.9281,2.1484,4053.68,22.0
CS2_36,546,0.6215,0.5728,3.427,4.2,2.7585,0.4346,-0.5518,0.0,-0.56,0.25,24.1247,31.6172,20.902,2.0856,4092.42,22.0
CS2_36,547,0.6194,0.5709,3.4298,4.2,2.7569,0.4347,-0.5532,0.0,-0.56,0.25,24.1087,31.8031,20.9877,2.0676,4038.38,22.0
CS2_36,548,0.6169,0.5686,3.4392,4.2,2.7514,0.4348,-0.5473,0.0,-0.56,0.25,24.1168,31.8462,20.8485,2.1874,4061.31,22.0
CS2_36,549,0.6185,0.57,3.4345,4.2,2.7514,0.4349,-0.5432,0.0,-0.56,0.25,23.9438,31.6284,20.9497,2.1367,4059.96,22.0
CS2_36,550,0.6142,0.5661,3.4271,4.2,2.7541,0.435,-0.5613,0.0,-0.56,0.25,23.98,31.4886,21.1877,2.1084,4031.12,22.0
CS2_36,551,0.6161,0.5678,3.4229,4.2,2.7513,0.4351,-0.5473,0.0,-0.56,0.25,24.1395,31.6129,21.1007,2.1387,4033.09,22.0
CS2_36,552,0.6104,0.5625,3.4306,4.2,2.7568,0.4352,-0.5532,0.0,-0.56,0.25,24.2539,31.7977,20.9229,2.0106,3971.5,22.0
CS2_36,553,0.613,0.565,3.43,4.2,2.7514,0.4353,-0.5521,0.0,-0.56,0.25,24.3171,31.7797,20.9551,2.1681,4000.21,22.0
CS2_36,554,0.6062,0.5587,3.4281,4.2,2.7462,0.4354,-0.5478,0.0,-0.56,0.25,24.1925,31.8286,21.0525,2.1371,3957.21,22.0
CS2_36,555,0.611,0.5631,3.4278,4.2,2.7513,0.4355,-0.5463,0.0,-0.56,0.25,24.3187,31.8929,20.9802,2.0924,3990.15,22.0
CS2_36,556,0.6035,0.5562,3.4346,4.2,2.7444,0.4356,-0.5501,0.0,-0.56,0.25,23.9212,31.8593,21.0761,2.1481,3934.61,22.0
CS2_36,557,0.6009,0.5539,3.4313,4.2,2.7491,0.4357,-0.5492,0.0,-0.56,0.25,24.167,31.8022,20.99,2.0887,3928.4,22.0
CS2_36,558,0.5982,0.5513,3.4351,4.2,2.7507,0.4358,-0.5472,0.0,-0.56,0.25,24.0598,31.8243,21.0417,2.1238,3927.4,22.0
CS2_36,559,0.6036,0.5563,3.4211,4.2,2.7571,0.4359,-0.547,0.0,-0.56,0.25,24.2546,31.6933,20.9218,2.0499,3961.05,22.0
CS2_36,560,0.5942,0.5477,3.4289,4.2,2.7562,0.436,-0.547,0.0,-0.56,0.25,24.1294,31.7049,20.9376,2.1065,3886.5,22.0
CS2_36,561,0.5941,0.5475,3.4204,4.2,2.751,0.4361,-0.5514,0.0,-0.56,0.25,24.0171,31.9366,20.989,2.145,3902.74,22.0
CS2_36,562,0.5951,0.5484,3.4249,4.2,2.7594,0.4362,-0.5496,0.0,-0.56,0.25,24.1167,31.7947,20.9527,2.0803,3909.39,22.0
CS2_36,563,0.5896,0.5434,3.4328,4.2,2.7473,0.4363,-0.5507,0.0,-0.56,0.25,24.2158,31.9901,20.848,2.1437,3832.01,22.0
CS2_36,564,0.5884,0.5423,3.4165,4.2,2.7465,0.4364,-0.5638,0.0,-0.56,0.25,24.2583,31.8129,21.1839,2.1339,3858.18,22.0
CS2_36,565,0.5951,0.5485,3.4141,4.2,2.754,0.4365,-0.5491,0.0,-0.56,0.25,24.3899,31.619,20.9441,2.131,3901.17,22.0
CS2_36,566,0.5869,0.541,3.4217,4.2,2.7434,0.4366,-0.5411,0.0,-0.56,0.25,24.1341,32.0212,20.9629,2.1544,3824.62,22.0
CS2_36,567,0.5831,0.5374,3.424,4.2,2.7431,0.4367,-0.5513,0.0,-0.56,0.25,24.2119,31.7543,21.0704,2.029,3826.08,22.0
CS2_36,568,0.5816,0.536,3.4262,4.2,2.7486,0.4368,-0.5555,0.0,-0.56,0.25,24.1846,31.8609,21.0718,2.1221,3797.6,22.0
CS2_36,569,0.5795,0.5341,3.4249,4.2,2.746,0.4369,-0.5505,0.0,-0.56,0.25,24.0144,31.8501,21.1358,2.0514,3783.11,22.0
CS2_36,570,0.5777,0.5324,3.4282,4.2,2.756,0.437,-0.5455,0.0,-0.56,0.25,24.1517,31.7339,20.9497,2.1194,3771.04,22.0
CS2_36,571,0.5774,0.5322,3.422,4.2,2.7459,0.4371,-0.5515,0.0,-0.56,0.25,24.1649,31.676,21.1347,2.0203,3743.03,22.0
CS2_36,572,0.574,0.5291,3.4159,4.2,2.757,0.4372,-0.5504,0.0,-0.56,0.25,24.0171,31.8656,20.796,2.0696,3747.59,22.0
CS2_36,573,0.5735,0.5285,3.4243,4.2,2.7505,0.4373,-0.5521,0.0,-0.56,0.25,24.4441,31.7385,20.9806,2.1139,3778.77,22.0
CS2_36,574,0.5673,0.5229,3.4239,4.2,2.7379,0.4374,-0.5504,0.0,-0.56,0.25,24.099,32.0817,21.0137,2.0299,3704.69,22.0
CS2_36,575,0.5695,0.5249,3.4115,4.2,2.7501,0.4375,-0.5488,0.0,-0.56,0.25,24.1492,31.6857,20.9975,2.0791,3723.86,22.0
CS2_36,576,0.5715,0.5267,3.4315,4.2,2.759,0.4376,-0.5489,0.0,-0.56,0.25,23.9953,31.8232,20.9831,2.1223,3744.66,22.0
CS2_36,577,0.5631,0.519,3.4097,4.2,2.7435,0.4377,-0.5459,0.0,-0.56,0.25,24.4464,32.1621,21.0124,2.1713,3693.19,22.0
CS2_36,578,0.5602,0.5163,3.4129,4.2,2.7548,0.4378,-0.5484,0.0,-0.56,0.25,24.2546,31.9242,20.996,2.1271,3664.32,22.0
CS2_36,579,0.5589,0.5152,3.4075,4.2,2.7471,0.4379,-0.5564,0.0,-0.56,0.25,24.3169,31.8574,21.0497,2.08,3666.71,22.0
CS2_36,580,0.5626,0.5185,3.4144,4.2,2.7499,0.438,-0.5518,0.0,-0.56,0.25,24.2462,31.9902,21.0444,2.1332,3683.44,22.0
CS2_36,581,0.5575,0.5138,3.4197,4.2,2.7466,0.4381,-0.55,0.0,-0.56,0.25,24.4561,32.1655,20.949,2.0945,3657.21,22.0
CS2_36,582,0.5562,0.5126,3.4167,4.2,2.7523,0.4382,-0.5638,0.0,-0.56,0.25,24.4315,32.0196,20.962,2.0577,3632.98,22.0
CS2_36,583,0.5534,0.5101,3.4215,4.2,2.7524,0.4383,-0.552,0.0,-0.56,0.25,24.4223,31.7825,21.07,2.0611,3636.32,22.0
CS2_36,584,0.5542,0.5108,3.4183,4.2,2.7551,0.4384,-0.5519,0.0,-0.56,0.25,24.2967,31.8853,21.0082,2.0961,3603.26,22.0
CS2_36,585,0.5513,0.5081,3.4137,4.2,2.7523,0.4385,-0.5546,0.0,-0.56,0.25,24.6499,31.6659,20.819,2.1006,3598.81,22.0
CS2_36,586,0.5451,0.5024,3.4096,4.2,2.7472,0.4386,-0.5598,0.0,-0.56,0.25,24.1304,31.9274,21.0088,2.0286,3582.43,22.0
CS2_36,587,0.5448,0.5021,3.4139,4.2,2.7431,0.4387,-0.5444,0.0,-0.56,0.25,24.2821,31.8512,20.9992,2.1027,3558.41,22.0
CS2_36,588,0.5431,0.5005,3.4085,4.2,2.7486,0.4388,-0.5508,0.0,-0.56,0.25,24.3867,32.0283,21.0411,1.9696,3559.64,22.0
CS2_36,589,0.5395,0.4973,3.4068,4.2,2.749,0.4389,-0.551,0.0,-0.56,0.25,24.396,32.1056,20.9799,2.0478,3505.64,22.0
CS2_36,590,0.5385,0.4963,3.4143,4.2,2.7482,0.439,-0.5549,0.0,-0.56,0.25,24.2668,32.1842,21.1486,2.1155,3550.72,22.0
CS2_36,591,0.5379,0.4958,3.4161,4.2,2.7469,0.4391,-0.5494,0.0,-0.56,0.25,24.338,31.9989,20.9869,2.1081,3514.11,22.0
CS2_36,592,0.5407,0.4983,3.4195,4.2,2.7561,0.4392,-0.5528,0.0,-0.56,0.25,24.3612,31.9908,21.0558,2.0467,3548.41,22.0
CS2_36,593,0.5309,0.4893,3.4127,4.2,2.7427,0.4393,-0.5506,0.0,-0.56,0.25,24.2515,32.0289,21.0437,2.1016,3458.37,22.0
CS2_36,594,0.5325,0.4908,3.4137,4.2,2.7447,0.4394,-0.5542,0.0,-0.56,0.25,24.2678,32.1433,21.0185,2.0774,3502.4,22.0
CS2_36,595,0.5307,0.4891,3.3954,4.2,2.7474,0.4395,-0.5453,0.0,-0.56,0.25,24.5832,31.9879,20.8925,2.1356,3450.41,22.0
CS2_36,596,0.5275,0.4862,3.4121,4.2,2.7522,0.4396,-0.5541,0.0,-0.56,0.25,24.3462,31.814,21.1287,2.0981,3459.63,22.0
CS2_36,597,0.5237,0.4826,3.4037,4.2,2.7486,0.4397,-0.5586,0.0,-0.56,0.25,24.3208,32.0413,21.0377,2.035,3424.76,22.0
CS2_36,598,0.5206,0.4798,3.4194,4.2,2.7429,0.4398,-0.5442,0.0,-0.56,0.25,24.1891,32.0504,21.1067,2.1081,3418.02,22.0
CS2_36,599,0.528,0.4866,3.4064,4.2,2.7407,0.4399,-0.549,0.0,-0.56,0.25,24.1787,32.2224,20.8704,2.0706,3468.59,22.0
CS2_36,600,0.5202,0.4794,3.406,4.2,2.7592,0.44,-0.5385,0.0,-0.56,0.25,24.2859,32.1546,21.0117,2.0476,3383.19,22.0
CS2_36,601,0.5156,0.4752,3.4083,4.2,2.7539,0.4401,-0.5542,0.0,-0.56,0.25,24.1228,31.6762,21.1025,2.1296,3360.31,22.0
CS2_36,602,0.5158,0.4754,3.3961,4.2,2.7489,0.4402,-0.5399,0.0,-0.56,0.25,24.4296,31.8222,20.8704,2.1845,3387.09,22.0
CS2_36,603,0.5145,0.4742,3.4126,4.2,2.7599,0.4403,-0.5542,0.0,-0.56,0.25,24.1846,32.0253,21.0624,2.0447,3381.56,22.0
CS2_36,604,0.5121,0.472,3.4099,4.2,2.7538,0.4404,-0.543,0.0,-0.56,0.25,24.4725,31.8563,20.9616,2.0971,3357.85,22.0
CS2_36,605,0.5121,0.472,3.4118,4.2,2.7553,0.4405,-0.5534,0.0,-0.56,0.25,24.5125,32.1136,21.1094,2.0878,3342.55,22.0
CS2_36,606,0.5046,0.4651,3.407,4.2,2.7405,0.4406,-0.5412,0.0,-0.56,0.25,24.4467,32.1382,21.1411,2.1236,3301.31,22.0
CS2_36,607,0.5095,0.4696,3.4082,4.2,2.7456,0.4407,-0.5547,0.0,-0.56,0.25,24.4832,32.2691,21.1446,2.0477,3326.39,22.0
CS2_36,608,0.5048,0.4653,3.399,4.2,2.7538,0.4408,-0.5467,0.0,-0.56,0.25,24.2595,32.0513,20.8967,2.0577,3292.26,22.0
CS2_36,609,0.4993,0.4602,3.4116,4.2,2.7526,0.4409,-0.5547,0.0,-0.56,0.25,24.2049,31.9969,21.0395,2.0614,3300.22,22.0
CS2_36,610,0.4989,0.4598,3.4077,4.2,2.753,0.441,-0.5419,0.0,-0.56,0.25,24.4786,31.9821,20.7911,2.1555,3265.16,22.0
CS2_36,611,0.4969,0.458,3.3965,4.2,2.7506,0.4411,-0.5559,0.0,-0.56,0.25,24.4056,32.2149,20.9727,2.0644,3263.93,22.0
CS2_36,612,0.4951,0.4563,3.4022,4.2,2.7578,0.4412,-0.5458,0.0,-0.56,0.25,24.1171,31.909,20.9062,2.1175,3237.83,22.0
CS2_36,613,0.4965,0.4576,3.4137,4.2,2.7473,0.4413,-0.5576,0.0,-0.56,0.25,24.4703,32.2539,20.9014,2.0753,3270.79,22.0
CS2_36,614,0.4937,0.455,3.4071,4.2,2.7559,0.4414,-0.5453,0.0,-0.56,0.25,24.4357,32.0279,21.002,2.1178,3225.42,22.0
CS2_36,615,0.4898,0.4514,3.3957,4.2,2.7532,0.4415,-0.5552,0.0,-0.56,0.25,24.2772,32.1492,20.9317,2.1222,3214.44,22.0
CS2_36,616,0.4843,0.4463,3.4098,4.2,2.7626,0.4416,-0.5611,0.0,-0.56,0.25,24.3781,32.0007,20.9168,2.0463,3173.84,22.0
CS2_36,617,0.4874,0.4492,3.3936,4.2,2.7485,0.4417,-0.552,0.0,-0.56,0.25,24.347,32.0436,20.9362,2.0186,3206.87,22.0
CS2_36,618,0.483,0.4452,3.4034,4.2,2.7554,0.4418,-0.5479,0.0,-0.56,0.25,24.3909,32.2075,21.0764,2.1061,3147.38,22.0
CS2_36,619,0.4836,0.4457,3.3996,4.2,2.7437,0.4419,-0.542,0.0,-0.56,0.25,24.4634,31.7928,21.1474,2.1678,3150.78,22.0
CS2_36,620,0.479,0.4415,3.401,4.2,2.7379,0.442,-0.5447,0.0,-0.56,0.25,24.4732,32.0858,21.059,2.1303,3137.61,22.0
CS2_36,621,0.4774,0.44,3.4072,4.2,2.7507,0.4421,-0.5483,0.0,-0.56,0.25,24.4013,32.3874,20.8961,2.0824,3122.61,22.0
CS2_36,622,0.4762,0.4389,3.4007,4.2,2.7448,0.4422,-0.5454,0.0,-0.56,0.25,24.4089,32.2159,21.0781,2.0469,3143.7,22.0
CS2_36,623,0.4735,0.4364,3.3997,4.2,2.7455,0.4423,-0.555,0.0,-0.56,0.25,24.3274,32.2335,20.923,2.1022,3090.56,22.0
CS2_36,624,0.4706,0.4338,3.3999,4.2,2.751,0.4424,-0.5443,0.0,-0.56,0.25,24.5235,32.1053,21.1591,2.0855,3067.61,22.0
CS2_36,625,0.4686,0.4319,3.4057,4.2,2.7541,0.4425,-0.5481,0.0,-0.56,0.25,24.4148,31.9773,21.1089,1.9985,3056.56,22.0
CS2_36,626,0.4662,0.4297,3.3956,4.2,2.7477,0.4426,-0.5579,0.0,-0.56,0.25,24.4366,32.0017,20.9231,2.1364,3060.96,22.0
CS2_36,627,0.4631,0.4268,3.3927,4.2,2.7576,0.4427,-0.5517,0.0,-0.56,0.25,24.4545,32.2208,21.0686,2.1172,3059.77,22.0
CS2_36,628,0.4592,0.4232,3.4021,4.2,2.7497,0.4428,-0.5461,0.0,-0.56,0.25,24.4029,32.0855,21.0255,2.0869,3033.27,22.0
CS2_36,629,0.4558,0.4201,3.3908,4.2,2.7486,0.4429,-0.5522,0.0,-0.56,0.25,24.3275,32.1689,21.0383,2.1262,2975.69,22.0
CS2_36,630,0.4559,0.4201,3.3947,4.2,2.7518,0.443,-0.5427,0.0,-0.56,0.25,24.2443,32.0336,20.9399,2.1017,2970.31,22.0
CS2_36,631,0.4569,0.4211,3.399,4.2,2.7446,0.4431,-0.556,0.0,-0.56,0.25,24.2545,32.1028,21.0101,2.1012,2960.02,22.0
CS2_36,632,0.4569,0.4211,3.4097,4.2,2.7504,0.4432,-0.5535,0.0,-0.56,0.25,24.458,32.2274,20.9851,2.1307,3000.71,22.0
CS2_36,633,0.4492,0.414,3.388,4.2,2.7426,0.4433,-0.5531,0.0,-0.56,0.25,24.2771,32.2923,20.9918,2.0119,2952.75,22.0
CS2_36,634,0.4492,0.414,3.3998,4.2,2.7511,0.4434,-0.5495,0.0,-0.56,0.25,24.4962,32.5001,20.9968,2.0931,2948.22,22.0
CS2_36,635,0.448,0.4129,3.3935,4.2,2.7579,0.4435,-0.547,0.0,-0.56,0.25,24.4313,32.203,20.966,2.1682,2940.71,22.0
CS2_36,636,0.4484,0.4132,3.3995,4.2,2.7456,0.4436,-0.5408,0.0,-0.56,0.25,24.448,31.8694,20.9982,2.1272,2908.52,22.0
CS2_36,637,0.441,0.4065,3.4037,4.2,2.7476,0.4437,-0.5421,0.0,-0.56,0.25,24.4995,32.1776,20.948,2.0874,2887.35,22.0
CS2_36,638,0.441,0.4065,3.3974,4.2,2.7488,0.4438,-0.545,0.0,-0.56,0.25,24.2132,32.1378,20.8572,2.1308,2904.73,22.0
CS2_36,639,0.439,0.4046,3.3971,4.2,2.7394,0.4439,-0.5513,0.0,-0.56,0.25,24.4106,32.216,20.9275,2.1028,2852.46,22.0
CS2_36,640,0.4356,0.4015,3.3955,4.2,2.7498,0.444,-0.5471,0.0,-0.56,0.25,24.6996,32.1997,21.1105,2.0991,2827.55,22.0
CS2_36,641,0.4364,0.4022,3.3879,4.2,2.7541,0.4441,-0.5432,0.0,-0.56,0.25,24.6426,32.5025,20.9365,2.159,2879.27,22.0
CS2_36,642,0.4357,0.4016,3.3866,4.2,2.7507,0.4442,-0.5425,0.0,-0.56,0.25,24.3729,32.1309,21.0701,2.0913,2836.67,22.0
CS2_36,643,0.4325,0.3986,3.3947,4.2,2.7362,0.4443,-0.5487,0.0,-0.56,0.25,24.4443,32.2279,20.9865,2.1608,2828.53,22.0
CS2_36,644,0.4293,0.3957,3.3956,4.2,2.7397,0.4444,-0.538,0.0,-0.56,0.25,24.2955,32.4471,20.8982,2.1356,2803.39,22.0
CS2_36,645,0.4271,0.3937,3.3833,4.2,2.7519,0.4445,-0.5522,0.0,-0.56,0.25,24.4928,32.2244,21.0996,2.0754,2812.99,22.0
CS2_36,646,0.4272,0.3938,3.378,4.2,2.7575,0.4446,-0.5508,0.0,-0.56,0.25,24.43,32.1184,21.0424,2.0965,2777.27,22.0
CS2_36,647,0.4227,0.3896,3.3924,4.2,2.7372,0.4447,-0.5533,0.0,-0.56,0.25,24.4397,32.3882,21.0473,2.0814,2738.67,22.0
CS2_36,648,0.4202,0.3873,3.3957,4.2,2.7616,0.4448,-0.5429,0.0,-0.56,0.25,24.6372,32.2167,20.9281,2.0479,2746.47,22.0
CS2_36,649,0.416,0.3835,3.3907,4.2,2.7425,0.4449,-0.5518,0.0,-0.56,0.25,24.5252,32.4646,21.002,2.1139,2733.01,22.0
CS2_36,650,0.4105,0.3783,3.3895,4.2,2.7419,0.445,-0.5426,0.0,-0.56,0.25,24.6545,32.5994,21.0062,2.0489,2713.6,22.0
